2025 Melbourne CBD Walking Tour Melbourne 4K,https://www.youtube.com/watch?v=okNaJX3mNx4
4K Christmas Approaches in Melbourne Street Life Festive Walk in Melbourne,https://www.youtube.com/watch?v=FEDorQHI_qk
4K CHRISTMAS WALK in Melbourne City Walking Through Melbourne City Famous Lanes walkingtour,https://www.youtube.com/watch?v=BE-07p5r5vw
4k City Walk in Melbourne Victoria Australia,https://www.youtube.com/watch?v=U6Jm0KUJbWA
4K Exploring Melbourne CBD s Legal Precinct Walking Tour in 4K Ultra HD,https://www.youtube.com/watch?v=trtEqxYnBWg
4K Friday Morning in MELBOURNE City Melbourne Australia Walking Tour Silent Walk melbourne,https://www.youtube.com/watch?v=rq0YTmmiCuI
4K Greek Festival in Melbourne Australia Melbourne City Walking Tour Greek Fest Australia,https://www.youtube.com/watch?v=AAH82YPw180
4K HDR Melbourne CBD Walking Tour 2026 re-edited,https://www.youtube.com/watch?v=XiZhwqA1gcY
4K Melbourne Australia Christmas Season Walk Shopping Christmas Decor Melbourne Christmas Tree,https://www.youtube.com/watch?v=JH0r7q5hOo4
4K Melbourne Australia City CBD Walk - Paris End of Collins Street DJI Osmo Pocket 3,https://www.youtube.com/watch?v=52IoRDnleEs
4K Melbourne Australia City CBD Walk - Southern Cross to Flinders Street Station DJI Osmo Pocket 3,https://www.youtube.com/watch?v=6lLUI7TGfTM
4K Melbourne Australia City Walk - Collins Street CBD and Paris End Relaxing Long Walk DJI Pocket 3,https://www.youtube.com/watch?v=L_3RExtQYhk
4K Melbourne Australia Walk - Sydney Road in Brunswick Coolest Streets in the World DJI Osmo 3,https://www.youtube.com/watch?v=VrofgF3yE6E
4K Melbourne Australia Walk - Sydney Road in Brunswick Long Summer Weekend Walk DJI Osmo Pocket 3,https://www.youtube.com/watch?v=-J7E7oJCx7g
4K Melbourne Australia Walking Tour - Beautiful Morning Walk in Melbourne Melbourne City Walk,https://www.youtube.com/watch?v=Z9-Kcm1OkQA
4K Melbourne Australia WALKING Tour - FRIDAY Walk in Melbourne City Melbourne City Live Tour,https://www.youtube.com/watch?v=eaPDdef0VKM
4K Melbourne CBD walking tour,https://www.youtube.com/watch?v=Kq0hRUZOHBQ
4K Melbourne CBD Walking Tour - Exhibition St to Fed Square Stunning Dance Performance at NGV,https://www.youtube.com/watch?v=LL8F5LhTNgo
4K Melbourne CBD Walking Tour Flinders St - Elizabeth St - Chinatown - Rendezvous Hotel Melbourne,https://www.youtube.com/watch?v=q-Aj3vCU8Fk
4K Melbourne Central Shopping Centre Walking around Melbourne Central Shopping Centre australia,https://www.youtube.com/watch?v=12oYWLMCPm8
4K MELBOURNE CITY - WALKING AROUND MELBOURNE CBD,https://www.youtube.com/watch?v=Xr52c7Iq1aQ
4K Melbourne City Friday Walk Melbourne City Tour Australia Vlog australia,https://www.youtube.com/watch?v=XEHqzHCX-A0
4K Melbourne City Stroll CBD Walking Tour 2023 Winter 4K,https://www.youtube.com/watch?v=3sm0eblk9Ao
4K Melbourne City Walk Walking around Melbourne Australia Melbourne Food australia,https://www.youtube.com/watch?v=7-Z_eDv7Z9E
4K Melbourne City Walk Walking Tour in Melbourne City on a Rainy Day Melbourne walk xmas,https://www.youtube.com/watch?v=qsRieRApvyw
4K Melbourne City WALK Walking Tour on a Saturday Afternoon Brunetti Dessert in melbourne,https://www.youtube.com/watch?v=hq4RWm_TI7k
4K Melbourne City Walking Tour Autumn Walk in Melbourne City Friday Walk in Australia,https://www.youtube.com/watch?v=s4_KTplfMYQ
4K Melbourne MUST Visit Queen Victoria Market Walking Tour Melbourne Australia Vlog,https://www.youtube.com/watch?v=chahG10Cwfo
4K Melbourne s Historic Heart - A Walking Tour of Richmond A treadmill walking tour,https://www.youtube.com/watch?v=BqeqkOkML7U
4K Melbourne s Prettiest Store - Vlog Tour Friday WALKING Tour in Melbourne Australia,https://www.youtube.com/watch?v=nqv70w3GmCQ
4K Melbourne walking tour along iconic Exhibition Street,https://www.youtube.com/watch?v=VFCdbWw-wEo
4K Melbourne Walking TOUR Winter Walk in Melbourne Australia Silent WALK in the City,https://www.youtube.com/watch?v=5iwP1-Nd1Uc
4K Treadmill Walk Melbourne Australia Brunswick St Fitzroy - walking south to north morning,https://www.youtube.com/watch?v=Ahjtd-FYfGE
4K WALK Australia Melbourne city walking tour 2024 CBD 4K HDR 60fps,https://www.youtube.com/watch?v=R01-KvtijAQ
4K WALK TOUR IN MELBOURNE CBD-JUNE 2022 Melbourne 4K,https://www.youtube.com/watch?v=_-qpIj_YQeU
4K WALK Walking in the rain Melbourne Australia 2024 4K HDR 60fps,https://www.youtube.com/watch?v=XrTC-ZCP_1k
4K Walking Melbourne CBD - Exploring GPO into Bourke St Mall,https://www.youtube.com/watch?v=m9Ooo6QlCG8
4K Walking The Melbourne Central Clock Tourist attraction in the city of Melbourne,https://www.youtube.com/watch?v=PeOX41i5HxM
4K Walking Tour of Melbourne CBD Summer Stroll Through the Heart of the City,https://www.youtube.com/watch?v=NHgLChKfsdo
84 Minutes Stunning Evening Walk In Melbourne,https://www.youtube.com/watch?v=JkyrnTgUw40
A Tour around Melbourne City Australia -2016,https://www.youtube.com/watch?v=QQsIXhRl_Hc
A Walk Through Melbourne CBD Elizabeth St Bourke St Swanston St,https://www.youtube.com/watch?v=JfBXEpP16Jc
An Afternoon Winter Walk In Melbourne Australia City Ambience Laneways,https://www.youtube.com/watch?v=AaO78A9cbMg
AUSTRALIA - VICTORIA - Melbourne City Walking Tour Melbourne 4K 2022 Nov,https://www.youtube.com/watch?v=-vUIKvLH2PY
AUSTRALIA 2018 Melbourne City Tour,https://www.youtube.com/watch?v=OEvxYT69s28
Australia Day 2022 Melbourne City Virtual Tour Australia 4k,https://www.youtube.com/watch?v=ePCK7AiiaWM
Australia mai indian student ki income PR ka Kharcha Melbourne City tour,https://www.youtube.com/watch?v=ZdvYbKXAg28
Australia Melbourne City walking tour. Nightlife during Christmas time. Saturday 10 December 2022,https://www.youtube.com/watch?v=17fmRGkZtic
Australia Melbourne Walking Tour At Night In September Melbourne 4K,https://www.youtube.com/watch?v=Q59Cnq3yUm0
Australia s Largest City After Rain April 2023,https://www.youtube.com/watch?v=81J-JIg_7xU
Australia Walking In Downtown Melbourne CBD Through Carlton Gardens City Street Ambience Sounds,https://www.youtube.com/watch?v=gqbSj7sHMLg
Australia Walking In Melbourne CBD From Queen Street To Flinders Street City Street Ambience,https://www.youtube.com/watch?v=p7VTAsg3EI0
Australia Walking on the Famous Swanston St. in Melbourne CBD The World s Busiest Tram Corridor,https://www.youtube.com/watch?v=ppxcSkRf5kM
AUSTRALIAN OPEN MELBOURNE CITY WALK SUMMER 2022,https://www.youtube.com/watch?v=ds4_GaYHz_k
Autumn in Melbourne 2023 Walking Tour,https://www.youtube.com/watch?v=fraFnfLJlXA
BEAUTIFUL MELBOURNE CITY AT NIGHT CBD,https://www.youtube.com/watch?v=Ff7B4g3-OS8
Best Autumn Street Food in Melbourne Queen Victoria Market,https://www.youtube.com/watch?v=gXU893wFURg
Best Street Food in Melbourne Queen Victoria Market,https://www.youtube.com/watch?v=H3oQXAcxgRs
BOURKE ST MALL MELBOURNE WALKING TOUR 4K,https://www.youtube.com/watch?v=5NgkiVrvbO8
BOURKE STREET MALL AT NIGHT MELBOURNE AUSTRALIA,https://www.youtube.com/watch?v=Mkvu8BDljTE
Bourke Street Melbourne CBD Walking Tour 4k,https://www.youtube.com/watch?v=cPBUBY1ZWEo
Brunswick Street Walking Tour in Melbourne Australia 4K 60fps,https://www.youtube.com/watch?v=GsEwmJ6_QTQ
Buskers In The City Of Melbourne Australia Bourke Street And Swanston Street,https://www.youtube.com/watch?v=Evnx--rr_y0
Chadstone Shopping Centre Walking Tour in Melbourne Australia 4K 60fps,https://www.youtube.com/watch?v=A3_GVBXCWbY
Chinatown Melbourne to Flinders Street Melbourne Walking Tour 2019,https://www.youtube.com/watch?v=ds_ohFc1B_o
Christmas Eve Melbourne City Centre Walking Tour 4K,https://www.youtube.com/watch?v=pAE9VMc2d_g
CHRISTMAS IN MELBOURNE AUSTRALIA CBD WALK TOUR,https://www.youtube.com/watch?v=yo7PsBtqiCw
Christmas in Melbourne City 25 December 2023 Australia,https://www.youtube.com/watch?v=eAeE7d7E4jA
CHRISTMAS IN THE CITY MELBOURNE AUSTRALIA NIGHT TOUR,https://www.youtube.com/watch?v=PumGCSPoQsU
Christmas Is Here In Melbourne,https://www.youtube.com/watch?v=L_Hod_hNJ64
Christmas Walk In Melbourne - Holiday Season Walking Tour 4K,https://www.youtube.com/watch?v=YWCgtFsenrw
CITY BIKE TRAIL TOUR MELBOURNE AUSTRALIA,https://www.youtube.com/watch?v=iX_7yYkGhGE
City of Events Walking Through Lonsdale Street Before The Greek Festival Melbourne City Ambience,https://www.youtube.com/watch?v=mE6PdbuGJPg
CITY OF MELBOURNE AT NIGHT SOUTHBANK TO YARRA PROMENADE WALK TOUR,https://www.youtube.com/watch?v=sdNb1L66SNk
CITY OF MELBOURNE BEACH HOUSE AUSTRALIAN OPEN 2022 WALK,https://www.youtube.com/watch?v=36lfmLGdPVA
CITY OF MELBOURNE HELIPORT WALK TOUR MELBOURNE AUSTRALIA,https://www.youtube.com/watch?v=e1hvsSVNQHo
CITY OF MELBOURNE LITTLE BOURKE STREET TOUR LUNAR NEW YEAR 2022,https://www.youtube.com/watch?v=uu4ED8H8W10
CITY OF MELBOURNE REOPENS WALK TOUR CBD AUSTRALIA,https://www.youtube.com/watch?v=0vRilw_WFBg
CITY OF MELBOURNE TOUR 2022 YARRA PROMENADE SOUTHBANK PROMENADE,https://www.youtube.com/watch?v=H20noVXP_4I
City of Melbourne Virtual Tour March 2023,https://www.youtube.com/watch?v=Uy5XVG-eT6Y
CITY OF MELBOURNE WALK TOUR PRINCES BRIDGE SWANSTON STREET CBD,https://www.youtube.com/watch?v=5ROgapQdK08
City Tour - Discover Melbourne s Historic Victoria Market,https://www.youtube.com/watch?v=3G4US-Q5HHY
CITY TRAMS OF MELBOURNE AUSTRALIA,https://www.youtube.com/watch?v=jBgd-3Glp30
City Walk - Discover Melbourne s Best Kept Secrets on Foot,https://www.youtube.com/watch?v=J6sXTVXO7jc
CITY WALK IN WINTER 2022 MELBOURNE AUSTRALIA,https://www.youtube.com/watch?v=HizSD-q3kjo
CITY WALK TOUR MELBOURNE AUSTRALIA IS NOW UNLOCKED,https://www.youtube.com/watch?v=tHheqXiUQAU
City Walking July 2022 Melbourne Australia 4K UHD,https://www.youtube.com/watch?v=QmaHvKUV-uM
City Walking Sunday Morning Melbourne Australia 4K UHD,https://www.youtube.com/watch?v=IY3MhbyaCcU
CLOUDY MELBOURNE AUSTRALIA CITY WALK,https://www.youtube.com/watch?v=YhBURtDvbDo
COLLINS STREET MELBOURNE AUSTRALIA CBD WALK SOUTHERN CROSS STATION,https://www.youtube.com/watch?v=2ERIG3hIzwo
COLLINS STREET MELBOURNE CBD WALK CINEMATIC ULTRA-WIDE VIEW,https://www.youtube.com/watch?v=6V0BVBWmSO0
CROWN Melbourne Lion Dance Lunar New Year 2023 4K Video,https://www.youtube.com/watch?v=juyq_Jlcej4
Day walk Melbourne Clear Day 4K,https://www.youtube.com/watch?v=zu0lWOewVcI
DELICIOUS MELBOURNE FOOD TOUR Where to eat in Melbourne CBD and inner suburbs by ex-locals,https://www.youtube.com/watch?v=dzT3ZFZgq_s
Discovering Melbourne CBD Walking Tour 2023 Winter 4K,https://www.youtube.com/watch?v=hVSCH9YAYxg
Discovering Melbourne City at Night in October 2023 Evan Walker Bridge,https://www.youtube.com/watch?v=WkO4dD6T6Ek
DRAGON EGG IN THE CITY MELBOURNE AUSTRALIA,https://www.youtube.com/watch?v=PP4ndrz1FVY
Early Morning Melbourne CBD Walk,https://www.youtube.com/watch?v=iR1ADuo9vXY
ENJOYING SUMMER IN THE CITY OF MELBOURNE WALK TOUR,https://www.youtube.com/watch?v=4TRpQY3d81s
ENJOYING THE SIGHTS AND SOUNDS OF MELBOURNE,https://www.youtube.com/watch?v=gRvaP_23EP0
EP 63 Walking tour at Melbourne City 26 01 2025,https://www.youtube.com/watch?v=tFuQVBp6ir4
Epping Plaza Shopping Centre Mall - Melbourne Australia 4k Walking Tour,https://www.youtube.com/watch?v=h9NZfCMqV28
Evening Walk in the City Melbourne Australia 2023,https://www.youtube.com/watch?v=VVDC2qbVrxo
Evening Walk Melbourne Australia in November Spring 2023,https://www.youtube.com/watch?v=uqoX0Y_ujSw
Experience Melbourne Australia at Night 2025 City Walk,https://www.youtube.com/watch?v=c4wgxdak7eE
Experience Melbourne Australia in April 2025 City Walk 4K Video,https://www.youtube.com/watch?v=3wS9GbP7Bw0
Experience Melbourne Australia in July 4K Video,https://www.youtube.com/watch?v=9GjpToES5qM
Experience Melbourne Australia in November 2024 4K Video,https://www.youtube.com/watch?v=wvl8FRWx7lE
Experience Melbourne Australia in September 4K Video,https://www.youtube.com/watch?v=dH0Zt_ohlso
Experience Melbourne Australia in Spring October 2025 4K Video,https://www.youtube.com/watch?v=HGbX_VVy5NA
Experience Melbourne Australia in Summer 2026 Walkthrough Inside Flinders Street Station,https://www.youtube.com/watch?v=UcDObXG441U
Experience Melbourne Australia in Winter August 2025 4K Video,https://www.youtube.com/watch?v=45Bh_a8Csww
Experience Melbourne City in Autumn Season 2024,https://www.youtube.com/watch?v=T6_3-aC5uqQ
Explore Melbourne Australia at Night in November 4K Video,https://www.youtube.com/watch?v=sFr4g2Va4ME
Explore Melbourne Australia in December 2024 4K Video,https://www.youtube.com/watch?v=dF1l8NQW-hA
Explore Melbourne City September 2023 4K,https://www.youtube.com/watch?v=oM676RCEIS8
Exploring Collins Street CBD City Of Melbourne Australia 2022,https://www.youtube.com/watch?v=7VrJWUubtgA
Exploring H M on Bourke Street Mall Melbourne CBD Walking Tour From Russel St Australia 4K,https://www.youtube.com/watch?v=oYZlQCyqqaY
Exploring Melbourne 2023 - Queen Victoria Market - Taste of Portugal,https://www.youtube.com/watch?v=wdl_NvDWrug
Exploring Melbourne Australia at Night January 2025 4K Video,https://www.youtube.com/watch?v=hKf47N03wss
Exploring Melbourne Australia in November 2024 4K Video,https://www.youtube.com/watch?v=pBUQP8PgjlU
Exploring Melbourne Australia Queen Victoria Market in September 2024,https://www.youtube.com/watch?v=mLZ5XIHgV28
Exploring Melbourne City at Night Docklands 1 Hour Relaxing Walking Tour,https://www.youtube.com/watch?v=v97fcXOW5eU
Exploring Melbourne City at Night in October 2023,https://www.youtube.com/watch?v=0Wabrqa8QDQ
EXPLORING MELBOURNE CITY AUSTRALIA 4K VIDEO,https://www.youtube.com/watch?v=--vCeqAbscg
Exploring Melbourne City in August Australia 4K Video,https://www.youtube.com/watch?v=DyYPbEMbNkE
Exploring Melbourne City in January 2024 Australia 4K Video,https://www.youtube.com/watch?v=BHuM3uwLK68
Exploring Melbourne City in July Australia 4K Video,https://www.youtube.com/watch?v=tFuDqGNNNo8
EXPLORING MELBOURNE CITY ON SPRING 2022,https://www.youtube.com/watch?v=5hEJ_MnSmRQ
Exploring Melbourne in October 2024 4K Video,https://www.youtube.com/watch?v=tLiX3nruJIM
Exploring Melbourne Trams Free City Circle Tram Tour 2025 @Goshawk-37,https://www.youtube.com/watch?v=KaiyhJL82RQ
Exploring Queen Victoria Market In Melbourne Must-See Tourist Spot,https://www.youtube.com/watch?v=KkBG7sNi2Hs
Exploring Royal Arcade A Hidden Gem in Melbourne CBD Australia Walking Tour 4K,https://www.youtube.com/watch?v=OivLBpb3ezM
EXPLORING SPENCER STREET CITY OF MELBOURNE AUSTRALIA,https://www.youtube.com/watch?v=aCGkFl2BZnU
EXPLORING THE STREETS OF MELBOURNE,https://www.youtube.com/watch?v=4J6ZfdsuDWE
EXPLORING VICTORIA STREET CITY OF MELBOURNE AUSTRALIA,https://www.youtube.com/watch?v=71UmuJXJW8U
Federation Square Diwali Festival 4K 60fps Yarra River Melbourne Narrated Walking Tour 26 Oct 24,https://www.youtube.com/watch?v=dye6RbbF6-Y
Festive Walk Along Swanston St Lt Bourke Flinders Fed Square Melbourne Australia Tour 4K,https://www.youtube.com/watch?v=TLrI10thR-I
First Day of April in Melbourne Australia Walk Tour 2025 4K Video,https://www.youtube.com/watch?v=aiRe7Zgxd1s
First Day of Autumn in Melbourne City Australia 2024 Walking Tour,https://www.youtube.com/watch?v=lKvSo3Q-oUY
First Day of Summer in Melbourne City Australia Walking Tour 2024,https://www.youtube.com/watch?v=Vqd0Bkg4SAM
First Day of Winter in Melbourne City Australia 2024 Walking Tour,https://www.youtube.com/watch?v=lS6idoJF0vk
First Impression Of MELBOURNE Walking Video City Tour Australia,https://www.youtube.com/watch?v=F6VaTvWYGso
First Month of Autumn in Melbourne City Australia 2025 Walking Tour,https://www.youtube.com/watch?v=Kn31hQls4MI
FIRST SUMMER NIGHT MARKET 2022 MELBOURNE CITY AUSTRALIA QUEEN VICTORIA MARKET,https://www.youtube.com/watch?v=i2NFgP2Zoac
Flinders Street Station Melbourne City Tour Australia,https://www.youtube.com/watch?v=P9vjpZbVkeY
Flinders Street to Melbourne Central via Swanston St Melbourne CBD Australia Walking Tour 4K,https://www.youtube.com/watch?v=j4oWVJnmb60
Friday Afternoon Walk Melbourne City Australia 2023,https://www.youtube.com/watch?v=go1r6k9r2tQ
Friday Night in Melbourne City Australia 4K Video,https://www.youtube.com/watch?v=h0Zl8xPuguY
Great Dane Lovers Melbourne City walk 4-12-2022,https://www.youtube.com/watch?v=ZY2Z8_aModw
Great Ocean Road Explored - Reviewing Go West Tours Sunset Tour from Melbourne CBD Australia,https://www.youtube.com/watch?v=zTgKTViVsig
HD Melbourne - SouthBank - Melbourne CBD Walking Tour,https://www.youtube.com/watch?v=WWJDWFncjzc
HD Melbourne CBD Walking Tour,https://www.youtube.com/watch?v=IK6NfyFfNtY
HD Melbourne CBD Walking Tour ~ Swanston St - Flinders Station - Southbank - Elizabeth St,https://www.youtube.com/watch?v=K8BVBOcmObI
HD Melbourne Late Noon Walking Tour ~ Swanston St - Flinders Station - Southbank - Elizabeth St,https://www.youtube.com/watch?v=lhGQhU3wywo
HDR- Melbourne City Lights and Lively Streets - A Walking Tour to Remember,https://www.youtube.com/watch?v=3Ma4x8TQbzk
HIDDEN LANEWAY WALK CITY OF MELBOURNE AUSTRALIA,https://www.youtube.com/watch?v=Avq6gy6bAh0
Highpoint Shopping Centre Mall - Melbourne Australia Walk Tour,https://www.youtube.com/watch?v=FVQ36oewRyA
HOW TO TRAVEL MELBOURNE Melbourne City Tour,https://www.youtube.com/watch?v=8yR8TETX_XE
Iconic Flinders Street Station Riding a Train in Melbourne Pt 2 Walking Tour Australia 4K 60fps,https://www.youtube.com/watch?v=g-GHUNpBXR4
Journey To City Of Melbourne Australia In August,https://www.youtube.com/watch?v=h46rAoRvT_s
LA TROBE STREET MELBOURNE AUSTRALIA CBD WALK TOUR,https://www.youtube.com/watch?v=lxzDrgqkIMo
LA TROBE STREET WALK MELBOURNE CITY,https://www.youtube.com/watch?v=irDjdPNqb-U
Last Day of Winter in Melbourne City Australia 2024 4K Video,https://www.youtube.com/watch?v=K-cwSv7MBqQ
LITTLE BOURKE STREET MELBOURNE AUSTRALIA WALKING CENTRAL BUSINESS DISTRICT CBD,https://www.youtube.com/watch?v=lcDBM-I_oSI
Lonsdale Street Melbourne City Australia CBD Walk,https://www.youtube.com/watch?v=5jmlh02Y-Os
MAGNIFICENT MELBOURNE CBD TOUR NIGHT WALK,https://www.youtube.com/watch?v=poUmZKZIJXI
Malaysian Festival 2022 Melbourne City Queen Victoria Market,https://www.youtube.com/watch?v=q0q17FFkJrE
Marvellous Melbourne Australia at Night 1 Hour Tour 4K Video,https://www.youtube.com/watch?v=j1X_12byg-0
MARVELLOUS MELBOURNE CBD WALKING TOUR,https://www.youtube.com/watch?v=mHHgYzsXD4Q
Melbourne - 4K Tour Melbourne CBD Australia,https://www.youtube.com/watch?v=-HODvp6hM3o
Melbourne - 4K Walking Tour Melbourne CBD Australia January 2025 4K HDR,https://www.youtube.com/watch?v=-FOCCW-syqA
Melbourne - City Walking Tour on Saturday Afternoon Australia,https://www.youtube.com/watch?v=Vj3AnFpiUiQ
Melbourne 15-minute City Walk,https://www.youtube.com/watch?v=lPSYwnqudaY
Melbourne 4k - City Walk - Walking through Melbourne City - Spring 2019,https://www.youtube.com/watch?v=Lq8xcadIgY8
Melbourne 4k - Walking In Fitzroy Melbourne s Bohemian District,https://www.youtube.com/watch?v=S3dBwULIdOQ
Melbourne 4K - Walking through Smoke filled Melbourne CBD Summer 2020,https://www.youtube.com/watch?v=S1HvWLZNmaw
Melbourne 4k Day Walk,https://www.youtube.com/watch?v=bkrilTknzVc
Melbourne 4K Walking Tour Melbourne CBD Yarra River Promenade Australia Dec 2025,https://www.youtube.com/watch?v=0yWRaXbgUGM
MELBOURNE 4k Walking Tour Stroll around the city on a December weekday morningï€©,https://www.youtube.com/watch?v=7r-6i4ZqKXU
Melbourne 5 New Metro Tunnel Stations Walkthrough Full Tour,https://www.youtube.com/watch?v=B8SDTso3wHc
Melbourne ACMI Tour 2024 - Australian Centre for the Moving Image,https://www.youtube.com/watch?v=baxJ8p0FJgc
Melbourne African Festival 2023,https://www.youtube.com/watch?v=QmVB5OdTH3U
Melbourne After Dark City Walk Tour,https://www.youtube.com/watch?v=KiGK4lKYTSc
Melbourne After Dark Walking Tour in June Australia 4K Video,https://www.youtube.com/watch?v=cWxuqKnpDXY
Melbourne After Rain in Autumn 2023,https://www.youtube.com/watch?v=lPnPnY42z_A
Melbourne Afternoon Walk in the City Thursday Tour,https://www.youtube.com/watch?v=nkZTYQ-p71c
Melbourne at Night in Autumn 2023,https://www.youtube.com/watch?v=cLckS81DsQA
MELBOURNE AUSTRALIA - CBD WALKING TOUR ON MOTHER S DAY MAY 2022,https://www.youtube.com/watch?v=rVoEDBKlPtk
Melbourne Australia - City of Events - Lonsdale Street 2024,https://www.youtube.com/watch?v=y48HyIIHjkU
Melbourne AUSTRALIA - Evening Stroll in the City of Melbourne 4K Walking Tour,https://www.youtube.com/watch?v=XQX6oaBi0oQ
Melbourne AUSTRALIA - Melbourne CBD 4K Walking Tour,https://www.youtube.com/watch?v=36PQHec2NhU
MELBOURNE AUSTRALIA - SOUTHBANK CROWN CASINO 4K,https://www.youtube.com/watch?v=8Y4RqVW3Zfs
MELBOURNE AUSTRALIA - WALKING FROM NORTH MELBOURNE TO CBD MAY 2022,https://www.youtube.com/watch?v=I5mYublutsA
MELBOURNE AUSTRALIA 11 HOURS BEFORE LOCKDOWN,https://www.youtube.com/watch?v=1r_jGimFNhc
Melbourne Australia 2023 Virtual Tour,https://www.youtube.com/watch?v=VkriQYOeOBc
Melbourne Australia 2025 Walk Around City CBD 4K Video,https://www.youtube.com/watch?v=3ZJ2A5LK50I
MELBOURNE Australia 4K City Tour Stunning Aerial Walking Tour Night Day 4K Footage,https://www.youtube.com/watch?v=iNdRMrMkCM0
MELBOURNE AUSTRALIA 4K Southbank Walking Tour 2024,https://www.youtube.com/watch?v=UKK0jcz27D0
MELBOURNE AUSTRALIA 4K St Kilda Walking Tour,https://www.youtube.com/watch?v=yhI0V_6g6Us
MELBOURNE AUSTRALIA 4K WALKING TOUR Flinders Street Station St. Paul Cathedral Hosier Lane,https://www.youtube.com/watch?v=dUQMWnfrEq4
Melbourne Australia at Night Autumn Walk April 2025 4K Video,https://www.youtube.com/watch?v=3qF4AB76Pvc
Melbourne Australia at Night City Life 2025 4K Video,https://www.youtube.com/watch?v=l_X7fquexxI
Melbourne Australia at Night City Walking Tour - End of Winter 2024 4K Video,https://www.youtube.com/watch?v=vHTXqCWC19s
Melbourne Australia at Night in December 2024 4K Video,https://www.youtube.com/watch?v=r7LRfdZTlBA
Melbourne Australia at Night in November 2024 4K Video,https://www.youtube.com/watch?v=DnkAOPHi3-g
Melbourne Australia at Night in October Spring 2024 4K Video,https://www.youtube.com/watch?v=mvDzrX17kFE
Melbourne Australia at Night in Winter 2025 City Update,https://www.youtube.com/watch?v=VxONMFPMrTQ
MELBOURNE AUSTRALIA AUTUMN NIGHT WALK,https://www.youtube.com/watch?v=fOyCiHQjkU8
Melbourne Australia Autumn Walk - From State Library Victoria to Exhibition Street 4K 0038,https://www.youtube.com/watch?v=ZifkpFgIUsk
Melbourne Australia Black Friday Tour 2024 Walkthrough DFO South Wharf Shopping Centre,https://www.youtube.com/watch?v=OAhcBmogm94
MELBOURNE AUSTRALIA BOURKE STREET CBD WALK,https://www.youtube.com/watch?v=7EHnqEmKUuw
Melbourne Australia Bourke Street Mall Tour November 2024 4K Video,https://www.youtube.com/watch?v=kjirVhqBklI
MELBOURNE AUSTRALIA BRUNSWICK BARKLY SQUARE SHOPPING CENTRE,https://www.youtube.com/watch?v=SjWhb-h0cmU
MELBOURNE AUSTRALIA CBD WALK SWANSTON ST LA TROBE ST,https://www.youtube.com/watch?v=QSnTWMRaLoc
MELBOURNE AUSTRALIA CBD WALKING IN THE RAIN SUMMER,https://www.youtube.com/watch?v=STP61w02WRo
Melbourne Australia Christmas Begins in November 2024 4K Video,https://www.youtube.com/watch?v=gognZjYdW2I
Melbourne Australia Christmas in the City 2024 4K Video,https://www.youtube.com/watch?v=iSUBamGUBrE
Melbourne Australia Christmas River Show 2024 4K Video,https://www.youtube.com/watch?v=V12_DbQNQsA
Melbourne Australia Christmas Tree Lighting 2024 4K Video,https://www.youtube.com/watch?v=Yavk2o3Aic8
Melbourne Australia Christmas Walk 2025 in the City,https://www.youtube.com/watch?v=tP1sf46kHco
Melbourne Australia Christmas Walk 2025 Magical Day Night Tour Decorations Town Hall to Crown,https://www.youtube.com/watch?v=KdcB9CHhz-M
Melbourne Australia Christmas Walking Tour 2025,https://www.youtube.com/watch?v=vrCnJRsj7VE
Melbourne Australia City center in 4K,https://www.youtube.com/watch?v=zLSntK1PtVs
Melbourne Australia City Centre in Winter 2025 City Update,https://www.youtube.com/watch?v=hCFJTpq1KKw
Melbourne Australia City Centre walking tour 4K 60fps,https://www.youtube.com/watch?v=Bg02AKkSeZs
Melbourne Australia City Centre Walking Tour January 2025 4K 60fps,https://www.youtube.com/watch?v=L4BuRhbdI4M
Melbourne Australia City of Culture Welcomes 2024,https://www.youtube.com/watch?v=-i0NBk92oow
Melbourne Australia City Views Summer 2024 4K Video,https://www.youtube.com/watch?v=PTj0Xd5Et-o
Melbourne Australia City Walk CBD 4K Video,https://www.youtube.com/watch?v=EsdNGRAxfHE
Melbourne Australia City Walk in August 2024 4K Video,https://www.youtube.com/watch?v=s8Kkgu0i3dk
Melbourne Australia City Walk in Summer 2026,https://www.youtube.com/watch?v=WVWGjd_zotM
Melbourne Australia City Walk Queen Victoria Market Spring 2025,https://www.youtube.com/watch?v=oppoMi6bYvU
MELBOURNE AUSTRALIA CITY WALK TOUR,https://www.youtube.com/watch?v=lsdb6qw6pn8
Melbourne Australia City Walk Tour Christmas In The City Of Melbourne 4K Video,https://www.youtube.com/watch?v=-cCaS_2WpPo
Melbourne Australia City Walk Tour In March 2025 Australia Walking Tour 4K,https://www.youtube.com/watch?v=CQOliXimrFk
Melbourne Australia City Walk Tour Walking Tour Melbourne City Melbourne 4K,https://www.youtube.com/watch?v=Dxbk-iKGwsY
Melbourne Australia City Walking Tour - From Centre Place to Market Lane 4K Video,https://www.youtube.com/watch?v=cH3Y3FUcYXk
Melbourne Australia City Walking Tour - From Flinders Street Station to Rebecca Walk 4K Video,https://www.youtube.com/watch?v=MUn6ukajp84
Melbourne Australia City Walking Tour - From La Trobe Street to RMIT University 4K Video 0027,https://www.youtube.com/watch?v=VDYBRqR9dOY
Melbourne Australia City Walking Tour - From Princes Bridge to Lamont Bridge 4K Video,https://www.youtube.com/watch?v=4bRfgrgvxv0
Melbourne Australia City Walking Tour - From Princes Bridge to Lonsdale Street 4K Video,https://www.youtube.com/watch?v=uOisNufvDmU
Melbourne Australia City Walking Tour - From Spencer St to Queens Bridge to Flinders St 4K Video,https://www.youtube.com/watch?v=3ylFuWyqhyk
Melbourne Australia City Walking Tour - From State Library Forecourt to Flinders Street 4K Video,https://www.youtube.com/watch?v=rycZ0LDtRxM
Melbourne Australia City Walking Tour - From Swanston Street to Degraves Street 4K Video,https://www.youtube.com/watch?v=tDFrNb_xNjk
Melbourne Australia City Walking Tour - From Victoria Street to Elizabeth Street 4K Video,https://www.youtube.com/watch?v=lR55WwkYUCs
MELBOURNE AUSTRALIA CITY WALKING TOUR 2021,https://www.youtube.com/watch?v=MB3EiEJfkXg
Melbourne Australia City Walking Tour in the Rain at Night October 2023,https://www.youtube.com/watch?v=sbSYLpsnGrk
Melbourne Australia City Walking Tour Sunset Walk Evening Walk 2025 4K,https://www.youtube.com/watch?v=ns1leb_H-7s
Melbourne Australia City Walkthrough 4K Video,https://www.youtube.com/watch?v=DZ87z9qsbwk
Melbourne Australia City Walkthrough Fed Square Korea Festival May 2024,https://www.youtube.com/watch?v=D-BSSFe2tnc
MELBOURNE AUSTRALIA DAY 1 LOCKDOWN ROAD UPDATE,https://www.youtube.com/watch?v=b40k0-xpbAk
MELBOURNE AUSTRALIA DAY 4 LOCKDOWN,https://www.youtube.com/watch?v=_xItjSs6KTw
Melbourne Australia Day and Night Walk in May 2025 4K Video,https://www.youtube.com/watch?v=MldP3TYuygo
Melbourne Australia Day Walking Tour 2025 4K Video,https://www.youtube.com/watch?v=bWMbUvKojEw
MELBOURNE AUSTRALIA DFO SOUTH WHARF WALK LOCKDOWN,https://www.youtube.com/watch?v=WYpQliGMrRk
MELBOURNE AUSTRALIA ELIZABETH STREET CBD WALK TOUR,https://www.youtube.com/watch?v=CnkpsBuJ5r8
Melbourne Australia Evening Tour in November 2024 4K Video,https://www.youtube.com/watch?v=2Xxh8E7H_YQ
Melbourne Australia Evening Walk February 2025 4K Video,https://www.youtube.com/watch?v=TIZPOJYGmqY
Melbourne Australia Evening Walk in January 2024,https://www.youtube.com/watch?v=Q5ss4MiJPEA
Melbourne Australia Evening Walk January 2026,https://www.youtube.com/watch?v=GSgSJjxH6YY
Melbourne Australia Evening Walk Tour in October 2024 4K Video,https://www.youtube.com/watch?v=RDgA7bLYxlA
Melbourne Australia February Afternoon Walking Tour 2025 4K Video,https://www.youtube.com/watch?v=ODCpZ-cP9aA
Melbourne Australia First Day of November 2025 City Walk 4K Video,https://www.youtube.com/watch?v=CnwjAt7LmBI
Melbourne Australia Flinders Street and Swanston Street May 2024,https://www.youtube.com/watch?v=SnNOIuV64dY
Melbourne Australia Free Tourist Tram 2025 4K Video,https://www.youtube.com/watch?v=uO-CrPp9U8Q
Melbourne Australia Friday Evening Walk in January 2025 4K Video,https://www.youtube.com/watch?v=A1upZDrcwcA
Melbourne Australia Friday Evening Walk in -January 2025 4K Video,https://www.youtube.com/watch?v=A1upZDrcwcA
MELBOURNE AUSTRALIA FRIDAY THE 13TH WALK,https://www.youtube.com/watch?v=W1k0EbzvKUk
Melbourne Australia in August 2025 City Update 4K Video,https://www.youtube.com/watch?v=5CITJWM_gR8
Melbourne Australia in February 2023 4K Video,https://www.youtube.com/watch?v=6mQMsk2JwlM
Melbourne Australia in February 2025 Walkthrough Lunar New Year Celebrations,https://www.youtube.com/watch?v=xrgT8wKUIGs
Melbourne Australia in February Summer 2025 4K Video,https://www.youtube.com/watch?v=Al7CYPWS6IU
Melbourne Australia in January 2025 4K Video,https://www.youtube.com/watch?v=tOAYAB9oX40
Melbourne Australia in January 2026 4K Video,https://www.youtube.com/watch?v=Fa6BZPePcHM
Melbourne Australia in July 2025 City Walk 4K Video,https://www.youtube.com/watch?v=OWwpr42BbkU
Melbourne Australia in June 2025 City Walk 4K Video,https://www.youtube.com/watch?v=u72eMnmhAes
Melbourne Australia in May 2025 City Walk 4K Video,https://www.youtube.com/watch?v=AmWv4fvBtRE
Melbourne Australia in November 2025 Spring Season 4K Video,https://www.youtube.com/watch?v=MdbVqcAjz6Y
Melbourne Australia in October 2025 Spring Season 4K Video,https://www.youtube.com/watch?v=2AxZjHF198A
Melbourne Australia in September 2025 Wednesday Walk 4K Video,https://www.youtube.com/watch?v=PZHxqjM-0b8
Melbourne Australia in September Spring Season 2025 4K Video,https://www.youtube.com/watch?v=FUrPFmP5EdQ
Melbourne Australia in Summer Evening Walking Tour 4K Video 2025,https://www.youtube.com/watch?v=-70ppFH1_9s
Melbourne Australia January 2026 Afternoon Walk,https://www.youtube.com/watch?v=ZfqanE87K1w
Melbourne Australia Korea Festival 2023,https://www.youtube.com/watch?v=6X7hqGOGo80
Melbourne Australia Lunar New Year 2023 Walkthrough 4K Video,https://www.youtube.com/watch?v=GniivzK8MdM
Melbourne Australia Lunar New Year 2024 City Parade 4K Video,https://www.youtube.com/watch?v=9mLXg6X_MM0
Melbourne Australia Lunar New Year 2025 Parade Ultimate Tour,https://www.youtube.com/watch?v=8e8SlQsDswo
MELBOURNE AUSTRALIA MOOMBA FESTIVAL 2022 ICONIC BIRDMAN RALLY,https://www.youtube.com/watch?v=Zlk6wrFXVyw
MELBOURNE AUSTRALIA MOONEE PONDS CENTRAL,https://www.youtube.com/watch?v=33_zE-HG-iU
Melbourne Australia New Year s Eve 2025 4K Video,https://www.youtube.com/watch?v=qIiRMW2OuK0
Melbourne Australia New Year s Eve 2025 Fireworks 4K Video,https://www.youtube.com/watch?v=ndR1VOHdHO8
MELBOURNE AUSTRALIA NGV WALK TOUR SAINT KILDA WALK TOUR,https://www.youtube.com/watch?v=nZn4PYzbhnA
MELBOURNE AUSTRALIA PRINCES WALK FESTIVAL,https://www.youtube.com/watch?v=962HBQqjMIo
Melbourne Australia Public Holiday Long Weekend Walk at Night 4K,https://www.youtube.com/watch?v=NwD7SI4hbwY
Melbourne Australia Queen Victoria Market in November 2024,https://www.youtube.com/watch?v=B25S9VBxVNQ
MELBOURNE AUSTRALIA RISING MONOCHORD,https://www.youtube.com/watch?v=gM5nkm3KEFU
Melbourne Australia Saturday Afternoon Tour 4K Video,https://www.youtube.com/watch?v=7tdPmQmLxI8
Melbourne Australia Saturday Afternoon Walk in May 2025 4K Video,https://www.youtube.com/watch?v=2Hjew0OEya8
Melbourne Australia Saturday Night City Walk May 2025,https://www.youtube.com/watch?v=cjq1CaLMygk
Melbourne Australia Saturday Walk August 2025 Winter 4K Video,https://www.youtube.com/watch?v=XggZku21SH4
Melbourne Australia Saturday Walk in the City Winter Season,https://www.youtube.com/watch?v=9FvN1QmKpJ4
Melbourne Australia Saturday Walking Tour Spring 2025,https://www.youtube.com/watch?v=PF4Jhl_fdKc
Melbourne Australia Shopping Centre on Boxing Day,https://www.youtube.com/watch?v=6wtUzZfjkNA
Melbourne Australia Shopping in December 2024 4K Video,https://www.youtube.com/watch?v=FCjZDqHAEnU
MELBOURNE AUSTRALIA SOUTH WHARF WALK LOCKDOWN,https://www.youtube.com/watch?v=eVMI_9J6smU
Melbourne Australia Southbank Queens Bridge Square Tour - Indonesian Culture March 2024,https://www.youtube.com/watch?v=wJ5fRWjqeEk
Melbourne Australia Street Walking At Night 2022 City Night Ambience,https://www.youtube.com/watch?v=OsAJ-fbCz3s
Melbourne Australia Streets Virtual Tour 2023,https://www.youtube.com/watch?v=5mzGitk0bvI
Melbourne Australia Summer 2023,https://www.youtube.com/watch?v=XVvMmxbCZZk
Melbourne Australia Summer 2025 Walk Elizabeth Street melbourne walkingtour 4k australia walk,https://www.youtube.com/watch?v=tVXqdxd9Emk
Melbourne Australia Summer Night Market 2024 Queen Victoria Market,https://www.youtube.com/watch?v=t4xeW2S-vR8
Melbourne Australia Summer Walk 2025 Australia 1-Hour Tour 4K Video,https://www.youtube.com/watch?v=zosMmLnaPS8
Melbourne Australia Summer Walk 2026 Queen Victoria Market,https://www.youtube.com/watch?v=M8wsfTTrclM
Melbourne Australia Summer Walking Tour 2025 Melbourne City Walk Tour 4K,https://www.youtube.com/watch?v=7-B3ouF645Q
Melbourne Australia Sunday Afternoon Walk March 2025,https://www.youtube.com/watch?v=FkdDACxErw4
Melbourne Australia Sunday Market Tour in Winter 2024 Queen Victoria Market,https://www.youtube.com/watch?v=JWBwYzFLagQ
MELBOURNE AUSTRALIA SWANSTON STREET CBD WALK TOUR,https://www.youtube.com/watch?v=BfoKgk17Wu8
MELBOURNE AUSTRALIA THE ICONIC QUEEN VICTORIA MARKET TOUR CBD WALK,https://www.youtube.com/watch?v=WF2FrqZCnQk
Melbourne Australia Thursday Afternoon 2023,https://www.youtube.com/watch?v=_JTNKeo7SMI
Melbourne Australia Travel Tour 4K,https://www.youtube.com/watch?v=8kAQOBRAY20
Melbourne Australia Travel Vlog - Walking Tour APRIL 2022,https://www.youtube.com/watch?v=_kvQV6swCgc
Melbourne Australia Virtual Tour in Spring 2024 4K Video,https://www.youtube.com/watch?v=vM3N0wL57iI
Melbourne Australia Walk 2025 People Watching 4K ASMR Sounds CBD,https://www.youtube.com/watch?v=lGqq0k5sS8c
Melbourne Australia Walk After Dark 2025 Night Walk In Melbourne 4K,https://www.youtube.com/watch?v=l-TwBf1Ykkc
Melbourne Australia Walk Through Melbourne Park Australian Open 2025 4K,https://www.youtube.com/watch?v=GdHGynloG-8
Melbourne Australia Walking in the Rain in Winter August 2023,https://www.youtube.com/watch?v=iNSHFE9d0uk
MELBOURNE Australia Walking Tour,https://www.youtube.com/watch?v=kG47dwX5jbY
Melbourne Australia Walking Tour - Federation Square 4K HDR,https://www.youtube.com/watch?v=XfY7JTiNwJk
Melbourne Australia Walking Tour - Melbourne CBD - 4K HDR,https://www.youtube.com/watch?v=xErvm7sAt7w
Melbourne Australia Walking Tour 2024 City Walk,https://www.youtube.com/watch?v=JjIqPVMSpHc
Melbourne Australia Walking Tour 4K 60fps City Life Urban Culture,https://www.youtube.com/watch?v=yXKDpq4gm6I
Melbourne Australia Walking Tour After Dark Night Walk In Melbourne 4K,https://www.youtube.com/watch?v=qXxVE7I2jMM
Melbourne Australia Walking Tour After Dark Summer Walk In Melbourne 4K,https://www.youtube.com/watch?v=GBphA_BYkQI
Melbourne Australia Walking Tour at Night 2025,https://www.youtube.com/watch?v=Uz6bL410u_Q
Melbourne Australia Walking Tour At Night Bourke St Mall Melbourne 4K,https://www.youtube.com/watch?v=ZRioOW6_Ipg
Melbourne Australia walking tour Dandenong city 4k shots,https://www.youtube.com/watch?v=K065P-Vtq_s
Melbourne Australia Walking Tour December 2024 CityWalk 4K Video,https://www.youtube.com/watch?v=3M_T6Zj3lQc
Melbourne Australia Walking Tour First Day Of New Year 2025 In Melbourne 4K,https://www.youtube.com/watch?v=Od4IAoiqi7E
Melbourne Australia Walking Tour In April 2025 Night Walk In Melbourne 4K,https://www.youtube.com/watch?v=ov8jevJ9qYM
Melbourne Australia Walking Tour In December 2024 Summer Walk In Melbourne 4K,https://www.youtube.com/watch?v=7WFCqvhI46Y
Melbourne Australia Walking Tour In January 2025 Walk Through Melbourne 4K,https://www.youtube.com/watch?v=jq-Z1qaJXmw
Melbourne Australia Walking Tour In Summer 2025 Walk Through Melbourne 4K,https://www.youtube.com/watch?v=KD2VMsDBLl8
Melbourne Australia Walking Tour In Summer Melbourne 4K Walk Video,https://www.youtube.com/watch?v=hBgpYb-BAh8
Melbourne Australia Walking Tour On Australia Day 2025 Melbourne 4K Video,https://www.youtube.com/watch?v=VegVHUs9jSQ
Melbourne Australia Walking Tour Queen Victoria Summer Night Market Melbourne 4K,https://www.youtube.com/watch?v=11xzqLqbrjo
Melbourne Australia Walking Tour River Esplanade Yarras Edge,https://www.youtube.com/watch?v=LQQ1p2oEr_4
MELBOURNE AUSTRALIA WALKING TOUR SPRING 2022,https://www.youtube.com/watch?v=NBYqmjU-haE
Melbourne AUSTRALIA Walking Tour with Captions BEACH WALK 4K 60fps,https://www.youtube.com/watch?v=Prz2VJOdtEE
Melbourne Australia Walking Tour. Walk Through Melbourne,https://www.youtube.com/watch?v=2KxH6bjrAIM
Melbourne Australia Walkthrough Docklands April 2024,https://www.youtube.com/watch?v=iT3-q6DLQ20
Melbourne Australia Yarra Park MCG Footy Festival 2024 4K Video,https://www.youtube.com/watch?v=apI3Pwd5aPI
MELBOURNE AUSTRALIA YARRA PROMENADE SOUTHBANK PROMENADE CITY WALK,https://www.youtube.com/watch?v=MOIki8kA1ro
MELBOURNE AUSTRALIA YARRA RIVER WALK CITY WALK,https://www.youtube.com/watch?v=y-7P8X0zR58
Melbourne Australia Yarra Walk Tour Constellations 2024,https://www.youtube.com/watch?v=l6cKvbQFAEA
Melbourne Bourke Street Mall Swanston Street,https://www.youtube.com/watch?v=4SRoKb1LTuU
Melbourne Brunswick Clifton Park Tour May 2021,https://www.youtube.com/watch?v=LMRcfx46y_s
Melbourne CBD - A Summer s Day Walk 4K,https://www.youtube.com/watch?v=R1Y2Cr2dblg
Melbourne CBD - Bourke Street Walk 4k,https://www.youtube.com/watch?v=fEBMkLH-TOw
Melbourne CBD - Collins Street Walk 4k,https://www.youtube.com/watch?v=mzrCHsYpRHM
Melbourne CBD - Elizabeth Street Walk 4k,https://www.youtube.com/watch?v=bgVpLd9N2dE
Melbourne CBD - Heavy Rain Walk 4k ASMR,https://www.youtube.com/watch?v=BKEN7f5qRBU
Melbourne CBD - Little Bourke Street Walking Tour,https://www.youtube.com/watch?v=_UybmUMxsH4
Melbourne CBD After Sunset Hardware Lane to Bourke Street Mall City Walk in 4K Australia,https://www.youtube.com/watch?v=N97fMqKolbA
Melbourne CBD at Christmas EPIC Myer LEGO Window Display City Walk,https://www.youtube.com/watch?v=O3CpUo8qJss
Melbourne CBD Australia 2025 City Walking Tour - Little Lonsdale Street 4K Video 0015,https://www.youtube.com/watch?v=fBtRDup72uo
Melbourne CBD Australia City Friday Life 2025 in 4K,https://www.youtube.com/watch?v=0G_Eej8SM0U
Melbourne CBD Australia City Friday Life 2025 in 4K Quality,https://www.youtube.com/watch?v=0G_Eej8SM0U
Melbourne CBD Australia in Summer January 2025 in 4K video,https://www.youtube.com/watch?v=mpekKn5QIaI
Melbourne CBD Australia Summer Friday Walk In City 2025 4K,https://www.youtube.com/watch?v=5bJJFm_8ors
MELBOURNE CBD AUSTRALIA Walking Tour Winter 2022 Melbourne 4K,https://www.youtube.com/watch?v=4L7opviNFIg
MELBOURNE CBD AUTUMN EVENT HOSIER LANE WALK,https://www.youtube.com/watch?v=57tXD_cx6u4
Melbourne CBD Christmas Walk 4K Ultra HD,https://www.youtube.com/watch?v=q7aCAqgUb2c
Melbourne CBD City Midnight Walk 2024 in 4K Melbourne Night 4K walk,https://www.youtube.com/watch?v=JI6LciEectg
Melbourne CBD city New Year Day Walk in January 2025 In 4K Melbourne Walk 4K,https://www.youtube.com/watch?v=06aiYUpR9qw
Melbourne CBD city tour 2024 in 4 k Melbourne walk 4K,https://www.youtube.com/watch?v=I8whCq-AxGg
Melbourne CBD Federation Square Star Wars May 2021,https://www.youtube.com/watch?v=dUNTLu0WS4Q
Melbourne CBD Lockdown Walk Feb 2021 4K,https://www.youtube.com/watch?v=t_s_Vmx5FcU
Melbourne CBD Morning Walk Along Collins Street and Swanston St 4K,https://www.youtube.com/watch?v=na9MFV5p3KA
Melbourne CBD on Good Friday 4K Walking Tour Calm City Streets,https://www.youtube.com/watch?v=jhrMkv3rERM
Melbourne CBD Streets in 4K Night Life City Walking Tour 2024,https://www.youtube.com/watch?v=ig4hkG-YWKE
Melbourne CBD summer city tour 2025 in 4k Melbourne 4k walk,https://www.youtube.com/watch?v=Yuy4A_mpmMU
Melbourne CBD Summer Walk 2025 in April 4K Melbourne City 4K walk,https://www.youtube.com/watch?v=t4EkGULd9qc
Melbourne CBD Walk - Elizabeth Street to Flinders Swanston City Sights Stroll,https://www.youtube.com/watch?v=V9-DNOFJDx8
Melbourne CBD Walk 2025 Bourke Street to Flinders Walk,https://www.youtube.com/watch?v=sCCLy5A3VQ8
Melbourne CBD Walk City Streets in Motion Binaural Audio 4K 60FPS Australia,https://www.youtube.com/watch?v=ZvJfTqixZwI
Melbourne CBD Walk Collins Street Melbourne s Designer Stores Sunday Afternoon City Ambience,https://www.youtube.com/watch?v=RVGxIcf4X8Q
Melbourne CBD Walk Exploring Collins Street,https://www.youtube.com/watch?v=32P6q2PT8Sg
Melbourne CBD Walk Flinders Street to National Gallery Victoria Australia Walking Tour 4K,https://www.youtube.com/watch?v=LV-iFxWmK34
Melbourne CBD Walk immersive Night Tour 4K 60FPS Binaural,https://www.youtube.com/watch?v=V1a5AyFE-P0
Melbourne CBD Walk La Trobe St to Exhibition St Lanes City Streets,https://www.youtube.com/watch?v=PYVmnVM5KQU
Melbourne CBD Walk Real City Sounds And Urban Life 4K 60FPS Binaural,https://www.youtube.com/watch?v=D0Hm7D1-Ra4
Melbourne CBD Walk Stunning Skyline And Lights 4K 60FPS,https://www.youtube.com/watch?v=6Z0cOOhtVPY
Melbourne CBD Walk Train Ride from Melbourne Central to Southern Cross Australia Walking Tour 4K,https://www.youtube.com/watch?v=dCCLchkPvnQ
MELBOURNE CBD -WALKING AROUND AT AFTERNOON WINTER 2022 Melbourne 4K,https://www.youtube.com/watch?v=ZRNJC4Ay2zU
MELBOURNE CBD Walking Tour,https://www.youtube.com/watch?v=IK6NfyFfNtY
MELBOURNE CBD WALKING TOUR + LOOKING FOR TAIWANESE CHINESE FOOD,https://www.youtube.com/watch?v=FB4PSLkCWtk
Melbourne CBD Walking Tour 2023 Summer Melbourne 4K,https://www.youtube.com/watch?v=cD4M8RSLxNA
Melbourne CBD Walking Tour 4K,https://www.youtube.com/watch?v=Kq0hRUZOHBQ
Melbourne CBD -Walking tour 4k,https://www.youtube.com/watch?v=Kq0hRUZOHBQ
Melbourne CBD Walking Tour 4K City Life Street Vibes,https://www.youtube.com/watch?v=kji0sSpyIls
Melbourne CBD Walking Tour 4K Royal Block Arcade Degraves St Lt Bourke to Flinders Australia,https://www.youtube.com/watch?v=gdWvI_B83ss
MELBOURNE CBD WALKING TOUR at Queen Street -June 2022 Melbourne 4K,https://www.youtube.com/watch?v=g_YuyqFAnrQ
Melbourne CBD Walking Tour Australia s Most Liveable City 4K,https://www.youtube.com/watch?v=KFxI1IauKro
Melbourne CBD Walking Tour Elizabeth St to Southbank Promenade,https://www.youtube.com/watch?v=lz7gUY77SLk
Melbourne CBD Walking Tour Flinders Street to Tattersalls Lane City Streets Laneways,https://www.youtube.com/watch?v=3tPK3257e9Q
Melbourne CBD Walking Tour Little Bourke Collins Street Spencer St,https://www.youtube.com/watch?v=xKVaCSKWPRs
Melbourne CBD Walking Tour Swanston Street to Flinders Lane Real-Time City Walk,https://www.youtube.com/watch?v=cuCRq9yMXdY
Melbourne CBD Walking Tour with map,https://www.youtube.com/watch?v=OWxU7MA4oZ0
MELBOURNE CBD Walksï€©,https://www.youtube.com/watch?v=IYQ0i9kYXiM
MELBOURNE CBD WEEKEND WALKING TOUR Nov 2022 Melbourne 4K,https://www.youtube.com/watch?v=1_0yOl3UghQ
MELBOURNE CBD YARRA RIVER AUSTRALIA WALKING TOUR 4K AWESOME LIFESTYLE 2025,https://www.youtube.com/watch?v=ka82Tn_5C5U
Melbourne Celebrates Australia Day 2024,https://www.youtube.com/watch?v=Pln2pYOZ8ZU
Melbourne Central Shopping Centre Walking Tour in Melbourne Australia 4K 60fps,https://www.youtube.com/watch?v=dJVG8RJZVx4
Melbourne central WALKING TOUR Melbourne CBD Australia 2021,https://www.youtube.com/watch?v=bCVbbF6DZNE
Melbourne Centre City Walk melbourne melbournevideo melbournecbd australia world,https://www.youtube.com/watch?v=mFHJ-IevMMU
Melbourne Chinatown Australia The Longest Continuous Chinese Settlement in the Western World,https://www.youtube.com/watch?v=qpCDz-IgPms
MELBOURNE Christmas Eve Walk 2025 Live Recording,https://www.youtube.com/watch?v=ZSmBiNOTqfo
Melbourne Christmas in the Wizarding World Fed Square,https://www.youtube.com/watch?v=ujmFcJfF6Iw
Melbourne Christmas Lights Walk 2025 Festive Decorations in 4K Fed Square Southbank Crown,https://www.youtube.com/watch?v=4j1KhsaWfCk
Melbourne Christmas Lights Walk 4K Walking Tour,https://www.youtube.com/watch?v=3cYDJg8UYuM
Melbourne City 1 Hour Christmas Walk Tour Myer Christmas Windows 2023 Australia,https://www.youtube.com/watch?v=wPLkxfJzgmE
MELBOURNE CITY AFTERNOON WALK TOUR IN WINTER 2022 AUSTRALIA,https://www.youtube.com/watch?v=Am_U-O0G54Q
MELBOURNE CITY ANZAC DAY WALK PT 02 AUSTRALIA APRIL 2022,https://www.youtube.com/watch?v=ChP0xLFnpJA
Melbourne City at Night After Taylor Swift Concert The Eras Tour 2024,https://www.youtube.com/watch?v=nDVZUNxr1Z8
Melbourne City at Night Fed Square 2023 Multicultural Festival Buddha s Day,https://www.youtube.com/watch?v=dhPXS9Wyf1U
Melbourne City at Night in February 2024 4K Video Walking Tour,https://www.youtube.com/watch?v=xvR6it7nu4c
Melbourne City at Night in June Walking Tour Australia RISING 2024,https://www.youtube.com/watch?v=K6J9k8oJgCA
Melbourne City at Night Melbourne Aboriginal NAIDOC Spirits of the Land,https://www.youtube.com/watch?v=l99frb8BCkQ
Melbourne City at Night Saturday Tour,https://www.youtube.com/watch?v=j2odxAOMyUo
MELBOURNE CITY AT NIGHT WALKING DOWN SOUTHBANK AND THE YARRA RIVER 2019,https://www.youtube.com/watch?v=_i_buzD8Si4
Melbourne City at Night Walkthrough Australia 4K Video,https://www.youtube.com/watch?v=ilTxMZYES4s
MELBOURNE CITY AUSTRALIA AND THE PEOPLE,https://www.youtube.com/watch?v=8O6IKP8es-E
MELBOURNE CITY AUSTRALIA CBD WALK HOT SUMMER AFTERNOON 2022,https://www.youtube.com/watch?v=7fDkqdwhBuA
MELBOURNE CITY AUSTRALIA CBD WALK IN SUMMER HOLIDAY SPECIAL,https://www.youtube.com/watch?v=h8dY793JvKo
Melbourne City Australia in December 2023,https://www.youtube.com/watch?v=w9dh5KxI8EI
Melbourne City Australia Lunar Celebrations 2024 4K Video,https://www.youtube.com/watch?v=eHrrPj0QyC8
Melbourne City Australia Street Walking Tour,https://www.youtube.com/watch?v=iYj-OJZmXX8
MELBOURNE CITY AUSTRALIA WALK TOUR 4K,https://www.youtube.com/watch?v=DzJ-kuxbIo4
MELBOURNE CITY AUSTRALIA WALKING TOUR AFTER NEW YEAR 2022,https://www.youtube.com/watch?v=FFQ5E3nr3wE
Melbourne City Bike Tour Melbourne s Hottest Ice Cream in Winter,https://www.youtube.com/watch?v=WHJAYxFgMCw
Melbourne City Black Friday Virtual Tour 2023,https://www.youtube.com/watch?v=ywpdGI6PzVw
MELBOURNE CITY BOURKE STREET CBD WALK,https://www.youtube.com/watch?v=WX9oABICQ1E
MELBOURNE CITY BOURKE STREET MALL EVENING WALK HOLIDAY SPECIAL,https://www.youtube.com/watch?v=PBBZ7b2t_eI
Melbourne City Bourke Street Mall Tour in August 2023,https://www.youtube.com/watch?v=FJZgUgC7Iwg
MELBOURNE CITY BY BIKE,https://www.youtube.com/watch?v=4cDKR-b0CW0
Melbourne City CBD Afternoon Walk 2022,https://www.youtube.com/watch?v=l419qHknO80
MELBOURNE CITY CBD COLLINS STREET WALK ULTRA WIDE VIEW,https://www.youtube.com/watch?v=xEF4mFVRsIM
Melbourne City CBD in November Fed Square Virtual Tour,https://www.youtube.com/watch?v=JusVbDqcnts
Melbourne City CBD Sunday Afternoon Walking Tour Australia 4K Video,https://www.youtube.com/watch?v=oYVD49Uq-SU
Melbourne City CBD Virtual Tour 2023 4K Australia,https://www.youtube.com/watch?v=ZpPMm7Yhl9c
MELBOURNE CITY CBD WALK AUSTRALIA WINTER 2022,https://www.youtube.com/watch?v=YcTuXJPQZ_Y
Melbourne City CBD Walk Through - Little Bourke Street 4K Video,https://www.youtube.com/watch?v=qrGK_PpacMU
Melbourne City CBD Walking Tour at Night 2024 Australia,https://www.youtube.com/watch?v=R3NkTOQmDNM
Melbourne City CBD Walking Tour Australia 2024,https://www.youtube.com/watch?v=GrwoODda9FE
Melbourne City CBD Walking Tour in Spring 2023,https://www.youtube.com/watch?v=_45zRuHR6io
Melbourne City Celebrates Lunar New Year 2023 Little Bourke Street,https://www.youtube.com/watch?v=FbSO7a9FvoM
Melbourne City Centre 4K,https://www.youtube.com/watch?v=rGNdcEdOuMY
Melbourne City Centre CBD Lonsdale Street Australia,https://www.youtube.com/watch?v=_pgQg5EYOTk
Melbourne City Centre CBD Virtual Tour,https://www.youtube.com/watch?v=cAYktehpm1E
MELBOURNE CITY CENTRE NIGHT TOUR 2019 4K - AUSTRALIA,https://www.youtube.com/watch?v=9dAEiHAIlCs
MELBOURNE CITY CENTRE TOUR CHRISTMAS 2019 MELBOURNE AUSTRALIA 4K,https://www.youtube.com/watch?v=Oq0aWC6HLhk
Melbourne City Christmas Lights and Decorations,https://www.youtube.com/watch?v=CXUa-j2Mjvg
Melbourne City Christmas Walk 2023 Australia 1 Hour Christmas Tour,https://www.youtube.com/watch?v=T_uuT0nDtZE
Melbourne City Downtown Dumpling Market Australia,https://www.youtube.com/watch?v=ombADQWpHlk
Melbourne City Evening Walk Tour in November,https://www.youtube.com/watch?v=N4-iUCdO2Ds
Melbourne City Evening Walk-4K,https://www.youtube.com/watch?v=Te3ZQzJCC14
Melbourne City Federation Square 10 000 Kazoos RISING,https://www.youtube.com/watch?v=l4qW6VUudjs
Melbourne City French Festival 2023 Queen Victoria Market,https://www.youtube.com/watch?v=QtmjwbISTiY
Melbourne City Hosier Lane Walking Tour 2021,https://www.youtube.com/watch?v=Fn9wLmg8mBA
Melbourne City in February - Street Food - Antipodes 2024,https://www.youtube.com/watch?v=RtQxMPuBNEk
Melbourne City in July Collins Street Walking Tour,https://www.youtube.com/watch?v=s58awE7KyTs
Melbourne City in June 2023,https://www.youtube.com/watch?v=iR_dbqb7TG8
Melbourne City in March Moomba 2024 Australia 4K,https://www.youtube.com/watch?v=CnCQHSHbMi4
Melbourne City in November Spring Walking Tour 4k,https://www.youtube.com/watch?v=6Geptgx-50o
Melbourne City in October 2023,https://www.youtube.com/watch?v=aAU9g5y995Y
Melbourne City in September 2023 Virtual Tour Australia,https://www.youtube.com/watch?v=M29C8M8a4Vo
Melbourne City in Spring November 2022,https://www.youtube.com/watch?v=8mJuRUl7ZMg
Melbourne City in Summer 2024 Australia 4K Video,https://www.youtube.com/watch?v=3mCoX_o4YMY
Melbourne City Indian Festival 2023 Queen Victoria Market,https://www.youtube.com/watch?v=L1lQT-D8O7Q
MELBOURNE CITY IS BACK TO LIFE AGAIN CBD WALK,https://www.youtube.com/watch?v=UFJZC3RXT4k
Melbourne City January Walking Tour 4K Video,https://www.youtube.com/watch?v=GYIYawgx3IM
Melbourne City Laneways Evening Walk Tour 2023,https://www.youtube.com/watch?v=CiFh1FntPXg
Melbourne City Looks Like at Night The Ultimate Tour,https://www.youtube.com/watch?v=03C-RDDld7U
Melbourne City Lunar New Year 2024 Begins CROWN Melbourne,https://www.youtube.com/watch?v=pzfOVSrqLhg
Melbourne City Malaysian Festival 2022 Queen Victoria Market,https://www.youtube.com/watch?v=CBAfQQWkAeM
Melbourne City Market at Night Europa Night Market 2023,https://www.youtube.com/watch?v=e7RRRDt6b6M
Melbourne City Night Virtual Tour August 2023,https://www.youtube.com/watch?v=Zs2YpV8KR7o
Melbourne city night walk - 4k video - walking tour - GoPro Hero 9,https://www.youtube.com/watch?v=NIdt0vmjPkQ
MELBOURNE CITY NIGHT WALK MUSEUM OF THE MOON,https://www.youtube.com/watch?v=tISSSemWPfw
Melbourne City Nightlife - The Post-Pandemic Nightlife Showdown,https://www.youtube.com/watch?v=B45A6QZmypk
Melbourne City Official Opening of Christmas Lights 2022 Australia,https://www.youtube.com/watch?v=d5ljqrwtIXA
Melbourne City Post-Pandemic Weekend Experience Australia - Victoria,https://www.youtube.com/watch?v=X7Zz_UzXZk0
Melbourne City Princes Bridge Sandridge Rail Bridge 2021,https://www.youtube.com/watch?v=GyfnXA4vrDc
Melbourne City Queen Victoria Market February 2024,https://www.youtube.com/watch?v=mv8Q61hLuic
Melbourne City Queen Victoria Market in December 2023 Australia,https://www.youtube.com/watch?v=jn9Xkj4JkP0
Melbourne City QV Shopping Centre Lunar Celebrations 2024,https://www.youtube.com/watch?v=bd1Uxd05KSU
Melbourne City Saturday Afternoon Walk Australia 4K Video,https://www.youtube.com/watch?v=hjPQGgQZshk
Melbourne City Saturday Afternoon Walking Tour Australia 4K Video,https://www.youtube.com/watch?v=uwUVyNkEcjo
Melbourne City Saturday Tour Queen Victoria Market Australia 4K Video,https://www.youtube.com/watch?v=1exfybTOyxE
Melbourne City Shopping Centre CBD Melbourne Central Tour 2023,https://www.youtube.com/watch?v=glUoYGDQsR8
Melbourne City Southbank Promenade in Winter 2023,https://www.youtube.com/watch?v=VptTGjvEsXo
MELBOURNE CITY STREET WALKING TOUR Spring 2022 Melbourne 4K,https://www.youtube.com/watch?v=awp0O5rTUVA
Melbourne City Streets and Laneway Tour,https://www.youtube.com/watch?v=ZxTkgMHgESY
Melbourne City Streets in July 2023 Australia,https://www.youtube.com/watch?v=bCaeuYOPbKA
Melbourne City SUMMER Walk Melbourne City Summer Walk Walking Tour,https://www.youtube.com/watch?v=WDONHYv1CXk
MELBOURNE CITY SUNDAY WALK IN SPRING 2022,https://www.youtube.com/watch?v=FhZ-Va-zwx8
MELBOURNE CITY SUNNY DAY WALK HOLIDAY SPECIAL,https://www.youtube.com/watch?v=GPGVkJbm9Gk
MELBOURNE CITY SUNNY WALK IN WINTER 2022 AUSTRALIA,https://www.youtube.com/watch?v=BbvzA6ThcRE
Melbourne City Sydney Road Walking Tour,https://www.youtube.com/watch?v=iZv8OkqiS3w
Melbourne City Today What s On City Update,https://www.youtube.com/watch?v=1EzjRl_cLFM
Melbourne City Tour - VICTORIA - AUSTRALIA,https://www.youtube.com/watch?v=mXvdBVih-_c
Melbourne City Tour - VICTORIA AUSTRALIA,https://www.youtube.com/watch?v=mXvdBVih-_c
MELBOURNE CITY TOUR 2023 4K ONE OF THE MOST LIVABLE CITY,https://www.youtube.com/watch?v=X8skpeZbeeI
MELBOURNE CITY TOUR AND QUEEN VICTORIA NIGHT MARKET,https://www.youtube.com/watch?v=_2xWekv8zks
Melbourne City Tour Australia,https://www.youtube.com/watch?v=FcxMaqvXEVQ
Melbourne City Tour Australia 2023 4K,https://www.youtube.com/watch?v=_l9hz7LvQJE
Melbourne City tour part 3,https://www.youtube.com/watch?v=ZXgSM4kFaKs
Melbourne City Tour Shopping Food,https://www.youtube.com/watch?v=Uqk4vMNoGzE
Melbourne city tour Telugu part1 Iskcon temple Bird Clock Miniature Village State Library,https://www.youtube.com/watch?v=YzTQaYYswdc
MELBOURNE CITY TOUR -YARRA RIVER BOAT CRUISE TO WILLIAMSTOWN PART 3,https://www.youtube.com/watch?v=IGNU8Nv6NRU
Melbourne City Trams 2024 Edition Comes in different colours,https://www.youtube.com/watch?v=tL9dthJCDoQ
MELBOURNE CITY TRAMS AFTER RAIN,https://www.youtube.com/watch?v=1RQEh867QT0
Melbourne City Tuesday Afternoon Walk Australia,https://www.youtube.com/watch?v=oNTHl12xL28
Melbourne City Views Australia 4K Video,https://www.youtube.com/watch?v=cIQcDzh_QIc
Melbourne City Virtual Tour in July 2023,https://www.youtube.com/watch?v=SFlAxMeQHGY
Melbourne City Walk - Bourke Street to the Immigration Museum,https://www.youtube.com/watch?v=6cWqBFjVcmE
Melbourne City Walk - Lonsdale St to Swanston St Flinders Street Station,https://www.youtube.com/watch?v=5ZapFEr3KS4
MELBOURNE CITY WALK 2023,https://www.youtube.com/watch?v=npYb_lt61yQ
Melbourne City Walk 2025 Swanston St Collins St Queen St Flinders,https://www.youtube.com/watch?v=xgcJhG99c6s
Melbourne City Walk 4K CBD Walking Tour Saturday Afternoon in Melbourne,https://www.youtube.com/watch?v=KW85PISjaE0
Melbourne City Walk Along Bourke Street from Bourke St Mall to Southern Cross Station 4K,https://www.youtube.com/watch?v=Q2mT7uGQO8M
Melbourne City Walk at Dusk Flinders to Lonsdale via Elizabeth St Australia Walking Tour 4K,https://www.youtube.com/watch?v=HgWvCoUfBUc
Melbourne City Walk at Night Autumn Vibes 2024 Australia,https://www.youtube.com/watch?v=G_wVjK0cn6E
Melbourne City Walk Flinders Street Station Trams Royal Arcade Street Pianist,https://www.youtube.com/watch?v=J57TmJxIEcY
Melbourne City Walk Getting to Australian Open 2023,https://www.youtube.com/watch?v=tQJFDURgtQM
MELBOURNE CITY WALK IN SPRING 2022 AUSTRALIA,https://www.youtube.com/watch?v=qXYGrdX4gbo
Melbourne City Walk State Library to the Yarra River,https://www.youtube.com/watch?v=hQZrjW_UZdI
Melbourne City Walk to Crown Southbank Lights Trees Riverside Vibes Australia Walking Tour 4K,https://www.youtube.com/watch?v=19Laa0a86HI
Melbourne City Walk Tour Deol Travel Vlogs Melbourne Australia,https://www.youtube.com/watch?v=rxTac4P9DLQ
Melbourne City Walk Tour Fed Square March 2024,https://www.youtube.com/watch?v=hnUELYoz8qM
MELBOURNE CITY WALK TOUR FLINDERS STREET - SWANSTON STREET - LA TROBE STREET WINTER,https://www.youtube.com/watch?v=YnBvjmT3lsI
MELBOURNE City WALK TOUR On SWANSTON St JAN 2025 4k melbournecity melbournewalks citytour walk,https://www.youtube.com/watch?v=-dMTUfu5DLQ
Melbourne City Walk Weekday Stroll from Melbourne Central to Flinders Lane,https://www.youtube.com/watch?v=r_mCGCTZQ2Q
Melbourne City Walk Yarra River 2021,https://www.youtube.com/watch?v=kr4eTIdycO4
Melbourne City Walking Tour,https://www.youtube.com/watch?v=12wLXjIUo5A
Melbourne City Walking Tour - From Bourke Street Mall to Albert Street 4K Video,https://www.youtube.com/watch?v=NtNhmxLvibI
Melbourne City Walking Tour - From Bourke Street to Queensbridge Square 4K Video,https://www.youtube.com/watch?v=uN7RYEmoWpQ
Melbourne City Walking Tour - From Degraves Street to Swanston Street 4K Video,https://www.youtube.com/watch?v=XfiQ3Znxe30
Melbourne City Walking Tour - From Elizabeth Street to Lonsdale Street 4K Video,https://www.youtube.com/watch?v=khTT8zBQKY0
Melbourne City Walking Tour - From Franklin Street to Russell Street 4K Video,https://www.youtube.com/watch?v=uiQCZGpRa9Q
Melbourne City Walking Tour - From La Trobe Street to Flinders Street 4K Video,https://www.youtube.com/watch?v=WMx7RCrbjHI
Melbourne City Walking Tour - From Lonsdale Street to Little Bourke Street 4K Video,https://www.youtube.com/watch?v=iW4i8b_ag8Y
Melbourne City Walking Tour - From Princes Bridge to Collins Street 4K Video,https://www.youtube.com/watch?v=ccaKtkZgMbQ
Melbourne City Walking Tour - From Princes Bridge to State Library Victoria 4K Video,https://www.youtube.com/watch?v=aFZm4Kf78hY
Melbourne City Walking Tour - From Spencer Street to Birrarung Marr Walk 4K Video,https://www.youtube.com/watch?v=YCA2V6u10SY
Melbourne City Walking Tour - From State Library Victoria to Franklin Street 4K Video,https://www.youtube.com/watch?v=ZJ0Vdtxkm60
Melbourne City Walking Tour - From Swanston Street to La Trobe Street 4K Video,https://www.youtube.com/watch?v=2FAN2hNSYVw
Melbourne City Walking Tour - From Swanston Street to Little Lonsdale Street 4K Video,https://www.youtube.com/watch?v=O0Hp74dsyKw
Melbourne City Walking Tour - From Victoria Street to Swanston Street 4K Video,https://www.youtube.com/watch?v=Wm-nPnjZkRA
Melbourne City Walking Tour 4K CBD Streets Laneways Southbank australia,https://www.youtube.com/watch?v=-lzEoxImaSg
Melbourne City Walking Tour After Heavy Rain - From Queens Bridge to Swanston Street 4K Video,https://www.youtube.com/watch?v=Uwb2PIGM99o
Melbourne City Walking Tour at Night in March 2024,https://www.youtube.com/watch?v=n8IL8Cr0N6E
Melbourne City Walking Tour Australia - 4K - Friday,https://www.youtube.com/watch?v=Cg_aN0JUrI0
Melbourne City Walking Tour AUSTRALIA - VICTORIA,https://www.youtube.com/watch?v=3rArTsd343Q
Melbourne City Walking Tour Australia Travel Video,https://www.youtube.com/watch?v=j8UqR8cAJXo
Melbourne City Walking Tour Central Elizabeth St Flinders St,https://www.youtube.com/watch?v=nN7_NV7N2Z8
MELBOURNE CITY WALKING TOUR FROM PRINCES BRIDGE TO FEDERATION WHARF AUSTRALIA NOV 2021,https://www.youtube.com/watch?v=zxD2T9yfFBQ
Melbourne City Walking Tour in Heavy Rain - From Spencer Street to Lonsdale Street 4K Video,https://www.youtube.com/watch?v=PZBV-vCS3Aw
Melbourne City Walking Tour in May 2023,https://www.youtube.com/watch?v=Eg77jzbiHIc
Melbourne City Walking Tour in the Rain - From Bourke Street Mall to Wills Street 4K Video,https://www.youtube.com/watch?v=h-PMdZF58h8
Melbourne City Walking Tour Melbourne Australia 4K HDR,https://www.youtube.com/watch?v=smS4wh2kgio
Melbourne City Yarra River Tour Australia,https://www.youtube.com/watch?v=6CYcSaONqvQ
Melbourne Convention Centre Covid-19 Vaccination 2021,https://www.youtube.com/watch?v=DuoegZjz--0
Melbourne Council SAID NO I did it Anyway Full Street Art Walk Whats On Melbourne 4k HDR,https://www.youtube.com/watch?v=aBY-wMC_8gg
Melbourne Cricket Ground MCG Melbourne Australia Walk Tour,https://www.youtube.com/watch?v=aXYpaG7t1tU
MELBOURNE CROWN CHRISTMAS SHOW 2022,https://www.youtube.com/watch?v=vEnVO-_QoD8
Melbourne Diwali 2023 Marvel Stadium Australia,https://www.youtube.com/watch?v=_ziuIALN5Y8
Melbourne Docklands Newquay Promenade Walking Tour,https://www.youtube.com/watch?v=BCuR0QHv2Pc
Melbourne Docklands Tour April 2021,https://www.youtube.com/watch?v=Qk717RTCFhw
Melbourne Donut Festival 2023 Queen Victoria Market,https://www.youtube.com/watch?v=be8rK3J_z_M
Melbourne Evening Walk - Sunset to City Lights - 4K,https://www.youtube.com/watch?v=1f5pyJj4y7c
Melbourne Evening Walk 2026 Elizabeth St Bourke St Relaxing City Stroll,https://www.youtube.com/watch?v=yNNBZT4zCDs
MELBOURNE FAMOUSE SUBURB-CLAYTON WALKING TOUR 2022 Melbourne 4K,https://www.youtube.com/watch?v=v1lPEHK51mI
MELBOURNE FOOD AND WINE FESTIVAL QUEEN VICTORIA MARKET,https://www.youtube.com/watch?v=6dPEurVP5vY
Melbourne Harvest Festival 2023,https://www.youtube.com/watch?v=Hwh6GXmQ9yw
Melbourne Highpoint Shopping Centre Maribyrnong April 2021,https://www.youtube.com/watch?v=mY6xmCJF7Rw
Melbourne Highpoint Shopping Centre Tour 2021,https://www.youtube.com/watch?v=Dx4G8K6aLfI
Melbourne Highpoint Shopping Centre Walk 2021,https://www.youtube.com/watch?v=dyiLSBOXFeM
Melbourne hits hottest day in 17 years 4K Walk,https://www.youtube.com/watch?v=RGpj2bnhUxc
Melbourne in April 2023,https://www.youtube.com/watch?v=imDT2IYKLRc
Melbourne in December Summer Walking Tour 4K Video,https://www.youtube.com/watch?v=wpwUMj35AVE
Melbourne in January 2023,https://www.youtube.com/watch?v=kKIyripEBn8
Melbourne In March 2023 Walking Tour,https://www.youtube.com/watch?v=oIotpywXPWs
Melbourne in September 2022 South Wharf Promenade,https://www.youtube.com/watch?v=eiSL8RIZ1fw
Melbourne in Winter 2023 Fed Square RISING SPARK,https://www.youtube.com/watch?v=dI7VtkZIyNo
Melbourne Is Breathtaking City Walk 4K,https://www.youtube.com/watch?v=DSWRYdspmd8
Melbourne Is Magical To Walk During The Festive Season,https://www.youtube.com/watch?v=sevDXrQzmLg
Melbourne Is Reopening Saturday Walking In The City Melbourne Australia 4K UHD,https://www.youtube.com/watch?v=2ud9PaHdT0A
Melbourne Is Spectacular City Walk 4K,https://www.youtube.com/watch?v=0hS4FenBWpU
MELBOURNE is Stunning on a Clear Day and Night Walk,https://www.youtube.com/watch?v=SOrGSp0K3r4
Melbourne is Stunning on Any Walk 4k,https://www.youtube.com/watch?v=MGSo_r4SkZw
Melbourne Is Stunning To Walk,https://www.youtube.com/watch?v=A9mmA-JM6O0
Melbourne is Stunning To Walk - 4K,https://www.youtube.com/watch?v=A9mmA-JM6O0
Melbourne Labour Day Long Weekend Walk Tour 2023,https://www.youtube.com/watch?v=7lMpOhEWJQA
Melbourne Laneways Walking Tour 4K,https://www.youtube.com/watch?v=AIaMgFUPdxI
MELBOURNE LUXURY LIVING Melbourne Quarter Docklands Review Melbourne Apartment Tour Docklands,https://www.youtube.com/watch?v=BdtihhAxlTQ
Melbourne Market in Autumn 2023,https://www.youtube.com/watch?v=D6X8060DHDk
Melbourne Meat Market Virtual Tour 2023,https://www.youtube.com/watch?v=iTVHFlErnKE
Melbourne Midsumma Festival 2023 LGBTQIA+,https://www.youtube.com/watch?v=JQUF6RgeO54
Melbourne Night Walk 2023 Flinders St Station to Southbank Nightlife Australia Walking Tour 4K,https://www.youtube.com/watch?v=piaWDM7VTYU
Melbourne Nightlife in 4K Uncut Friday Walking Tour on Chapel Street,https://www.youtube.com/watch?v=3dGMGR3y4N8
Melbourne PAX Aus 2023 Australia s Biggest Gaming Event Tour,https://www.youtube.com/watch?v=zoXn11bwjrU
Melbourne Princes Park Walk May 2021,https://www.youtube.com/watch?v=cHbX9p78LzY
Melbourne Public Holiday City Tour,https://www.youtube.com/watch?v=-0q4UGzdt64
MELBOURNE PUBLIC HOLIDAY WALKING TOUR AUSTRALIA,https://www.youtube.com/watch?v=5Wf8omjL5PQ
Melbourne Queen Victoria Market Sri Lankan Festival,https://www.youtube.com/watch?v=XBcflYfJKDM
Melbourne Queen Victoria Market Tour - Turkish Festival 2024 Australia,https://www.youtube.com/watch?v=-xtdvir3RtU
Melbourne Queensberry Cup 2022 Queensberry Street,https://www.youtube.com/watch?v=JMNaed9BZkw
MELBOURNE QUEENSBRIDGE SQUARE TOUR,https://www.youtube.com/watch?v=0DTfRhDPhVY
Melbourne Red Bull Billy Cart Race 2022 The Ultimate Tour 2 Hours,https://www.youtube.com/watch?v=91ixI76ncUs
Melbourne Relaxing WALKING Tour Melbourne Cricket Ground MCG Walk Relaxing City Walk asmr,https://www.youtube.com/watch?v=c-BWWhVXUn0
Melbourne River Cruises Experience 2023 New Way to Look at the City,https://www.youtube.com/watch?v=IMRXSf3lmLc
Melbourne riverside cityscapes and scenes - Walking in Australia s most liveable city - July 2022 4K,https://www.youtube.com/watch?v=8R7ZUcdDlL4
Melbourne s Autumn Night Market 2024 Queen Victoria Market Hawker 88,https://www.youtube.com/watch?v=9OySVxHYAlw
MELBOURNE S BUSIEST PEDESTRIAN CROSSING,https://www.youtube.com/watch?v=IxiBAP6nx1Y
MELBOURNE S ICONIC GREEK FESTIVAL 2022,https://www.youtube.com/watch?v=NkHJFPudF_w
MELBOURNE S ICONIC MARKET SPRING 2022,https://www.youtube.com/watch?v=NvGgBO5NfVY
MELBOURNE S MOST POPULAR MARKET QUEEN VICTORIA MARKET,https://www.youtube.com/watch?v=ez1m2KvHaCg
MELBOURNE S MYER CHRISTMAS WINDOWS 2022 WALK TOUR,https://www.youtube.com/watch?v=JQhcGW4LWTY
MELBOURNE S MYER CHRISTMAS WINDOWS LAUNCH 2022,https://www.youtube.com/watch?v=nezya5X8d1c
Melbourne s NEW Town Hall Station Opens First Look Walking Tour,https://www.youtube.com/watch?v=fcb2Gr0sn3o
Melbourne s South Asian Festival 2023,https://www.youtube.com/watch?v=2WVMGi_hpkc
Melbourne s Taste of Asia Festival 2023 Australia,https://www.youtube.com/watch?v=8OYgGBrNfz4
Melbourne Saturday Afternoon Walk in the City Australia 4K,https://www.youtube.com/watch?v=j3JmAnAerU8
Melbourne Saturday Walk in September Australia 4K Video,https://www.youtube.com/watch?v=xrLOwXqSRE0
Melbourne Shopping Centre Black Friday Highpoint Shopping Centre,https://www.youtube.com/watch?v=dh5r-TPaxdc
Melbourne South Wharf Promenade 2021,https://www.youtube.com/watch?v=Kcj45oEPk8U
Melbourne Southbank Promenade April 2021,https://www.youtube.com/watch?v=N0lGPVLowHs
Melbourne Spring City Tour,https://www.youtube.com/watch?v=6Ufe35xKsp4
Melbourne ST KILDA FESTIVAL 2025 Australia s Biggest Summer Festival LIVE Music Beach Walk,https://www.youtube.com/watch?v=h8742bo-PyE
MELBOURNE STREET ENTERTAINMENT GEORGE KAMIKAWA,https://www.youtube.com/watch?v=I-utFhpXhr4
Melbourne Street Food - Queen Victoria Market Summer Night Market 2022,https://www.youtube.com/watch?v=cR3I9sgKoa8
MELBOURNE STREET FOOD RISING HEFFERNAN LANE NIGHT MARKET CBD NIGHT WALK,https://www.youtube.com/watch?v=cTr6FC7sSjQ
Melbourne Streets In December 2022,https://www.youtube.com/watch?v=nFspU66jQ7w
Melbourne Strolling Along Yarra in December 2022,https://www.youtube.com/watch?v=iw4KROHufr4
Melbourne Stunning Sunny Evening Or Night Walk,https://www.youtube.com/watch?v=lkNt6HC8rXM
Melbourne Stunning to WALK on Any DAY or Night,https://www.youtube.com/watch?v=JRoVqiLU9T0
Melbourne Suburb Brunswick Gilpin Park 2021,https://www.youtube.com/watch?v=ysQc2wD0_nk
Melbourne SUMMER Evening Walk Flinders Walk Southbank Promenade 2025 Stunning Yarra River 4k,https://www.youtube.com/watch?v=U-liKeWi-H0
Melbourne Summer Monday Walk 2026 Australia,https://www.youtube.com/watch?v=IPEzmxhTjpc
Melbourne Summer Night Market is Back Queen Victoria Market,https://www.youtube.com/watch?v=wfUmOIskRLY
Melbourne Sunday Market in Autumn Queen Victoria Market,https://www.youtube.com/watch?v=ZPa_qVm1fQ4
Melbourne Sunset Walking Tour along Yarra River 4K HDR,https://www.youtube.com/watch?v=1H_gw_DNHX8
MELBOURNE THE PLACE TO BE WALKING TOUR 2022,https://www.youtube.com/watch?v=y9nZ1o-B39I
MELBOURNE TOUR AROUND THE CITY CENTRE CBD 2018,https://www.youtube.com/watch?v=WMBhDD6jtj4
Melbourne Train Station Southern Cross Station,https://www.youtube.com/watch?v=4D_gxMh-mYY
Melbourne Travel Guide 2023 - Best Places to Visit In Melbourne Australia -Top Tourist Attractions,https://www.youtube.com/watch?v=CS0Gl-T3p9g
Melbourne Views at Night City Walking Tour Autumn Edition,https://www.youtube.com/watch?v=lgUn7kcfueg
Melbourne Virtual Tour - City Walk Australia 2024 Autumn Break,https://www.youtube.com/watch?v=48isy2ARVV8
Melbourne Virtual Tour 2023 Bourke Street Mall,https://www.youtube.com/watch?v=LLhTV37lpVQ
Melbourne WALK FITZROY Iconic Suburb in Melbourne Australia Melbourne Walk Suburbs australia,https://www.youtube.com/watch?v=djzCNbF8tPU
Melbourne walking tour,https://www.youtube.com/watch?v=2zMkDTBsjlE
MELBOURNE WALKING TOUR IN 20 JULY 2023 melbournecity walkingtour,https://www.youtube.com/watch?v=N2xCi4Phtqs
MELBOURNE WALKING TOUR IN 30 JULY 2023 melbournecity walkingtour,https://www.youtube.com/watch?v=o9CBlynuMok
MELBOURNE WALKING TOUR IN 7 AUGUST 2023 melbournecity walkingtour,https://www.youtube.com/watch?v=UE3a9IvUghg
Melbourne Walking Tour in Autumn Australia Walk In The City 4K HDR,https://www.youtube.com/watch?v=tSzZ5i415Ps
Melbourne Walking Tour Part 1 Melbourne City Australia,https://www.youtube.com/watch?v=QC8lwa8x1cA
Melbourne Walking Tour Ultimate 4K ASMR 004 Exploring Koreatown MEL Chinatown Hidden Lanes,https://www.youtube.com/watch?v=WaJ7SgOI1d8
Melbourne Williamstown Pier Walking Tour 2021,https://www.youtube.com/watch?v=3pfch7_SikI
Melbourne Xmas Dancing Girls 2022 CBD Walking Melbourne 4K,https://www.youtube.com/watch?v=W32zAqiWLdk
Melbourne Yarra Park Walk Australian Footy Festival 2022,https://www.youtube.com/watch?v=80v_JFAXT4A
Midday Walk Around Melbourne CBD Loop from Lonsdale to Swanston Spring Early Christmas Vibe 4K,https://www.youtube.com/watch?v=nybXNv853RU
Monopoly dreams Full tour Melbourne city,https://www.youtube.com/watch?v=hfehDAo9YLo
Monster Truck Mania 2023 Melbourne Australia,https://www.youtube.com/watch?v=A6cyNcBzT0o
Moomba Festival 2023 Melbourne Australia,https://www.youtube.com/watch?v=Dd-JX5vtY5M
MOOMBA MELBOURNE CITY AUSTRALIA CBD WALK 2022,https://www.youtube.com/watch?v=1sWJTJNOYFU
More Collins Street Melbourne City Walking Tour 4K 2,https://www.youtube.com/watch?v=B05DO92U4jY
Morning Walk in Melbourne City CBD Australia - September 2024,https://www.youtube.com/watch?v=cu5H_abNGLs
Morning Walking Tour November Melbourne CBD City 2024 Spring 4K 60fps Ultra Wide Tram Light Rail,https://www.youtube.com/watch?v=_GUbx1l4Y_w
My First Day Experience In Melbourne Australia Uma Telugu Traveller,https://www.youtube.com/watch?v=XIFNiW02Rng
New on Bourke Street Melbourne Walk Arcade Tour 4K,https://www.youtube.com/watch?v=uo3RItUeBZQ
NEW YEAR 2022 FIREWORKS CELEBRATION CITY OF MELBOURNE AUSTRALIA 9 30 PM,https://www.youtube.com/watch?v=xE7Xz0DmhMc
NEW YEAR S EVE MELBOURNE CITY CBD WALK AUSTRALIA SUMMER HOLIDAY 2022,https://www.youtube.com/watch?v=YoeZpggtOGQ
NICE DAY WALKING TOUR IN MELBOURNE CITY AUSTRALIA,https://www.youtube.com/watch?v=5wadzZPTlPI
NIGHT WALK IN MELBOURNE AUSTRALIA 4K,https://www.youtube.com/watch?v=jOmegyC2Onw
Night Walking On Weekend Melbourne Australia 4K UHD 60FPS,https://www.youtube.com/watch?v=j0j9IIHeRb0
Night Walking Swanston Street Melbourne Australia 4K UHD,https://www.youtube.com/watch?v=hpOMTV1dLpU
Nightlife in Melbourne Australia City walking tour at night 2024 Australia 4K,https://www.youtube.com/watch?v=161s7cLojMI
OUT AND ABOUT IN THE CITY OF MELBOURNE,https://www.youtube.com/watch?v=6Lno_omWgKw
Pacific Islander in Melbourne Moomba Festival 2023,https://www.youtube.com/watch?v=LGnt2ncvFXo
PARADE MOOMBA FESTIVAL 2022 MELBOURNE AUSTRALIA,https://www.youtube.com/watch?v=gzNSb6oA8Wc
PAX Aus 2024 Melbourne Australia Walkthrough,https://www.youtube.com/watch?v=d_UvDq5RWI8
PINK POOL IN MELBOURNE NATIONAL GALLERY VICTORIA,https://www.youtube.com/watch?v=Py6hTyfZaaw
Polish Festival in Melbourne Australia Walking Tour,https://www.youtube.com/watch?v=_P5gv61t6bE
Puffing Billy Phillip Island Moonlit Sanctuary I Best Day Trip from Melbourne I Australia Travel,https://www.youtube.com/watch?v=UWBpNCKlzYY
QUEEN VICTORIA GARDENS PEACEFUL WALKING TOUR EXPLORING THE CITY OF MELBOURNE VICTORIA AUSTRALIA,https://www.youtube.com/watch?v=ECsar5RsvLo
Queen Victoria Market Melbourne City Australia 4k Moon Festival 2023,https://www.youtube.com/watch?v=yX46yd9SOEQ
Queen Victoria Market Melbourne City Australian Mushroom Festival 2023,https://www.youtube.com/watch?v=kqx8_S8ByWU
Queen Victoria Market Melbourne Walking Tour Food Paradise Local Treasures Most Iconic Market,https://www.youtube.com/watch?v=pEf4nlRt-RA
QUEEN VICTORIA MARKET UPDATE MELBOURNE AUSTRALIA,https://www.youtube.com/watch?v=Gm_8rWK22Tw
Queen Victoria Market Virtual Tour 2023 Melbourne City Australia,https://www.youtube.com/watch?v=1Vw2Yybl_gs
Relax walking tour Melbourne City 4K,https://www.youtube.com/watch?v=1mPHZLYx1Cc
Ringwood Square Shopping Centre Walking Tour in Melbourne Australia 4K 60fps,https://www.youtube.com/watch?v=kZi7xrAsn3U
Riverside Walking Tour Melbourne s SOUTHBANK 4K 60 FPS,https://www.youtube.com/watch?v=1NuV20tU93o
ROAMING AROUND MELBOURNE AUSTRALIA CITY WALK,https://www.youtube.com/watch?v=fAx2R6WT1nI
Royal Arcade The Block Arcade Melbourne CBD Walking Tour 4K,https://www.youtube.com/watch?v=E_D5J6mIE48
Rush Hour in Melbourne City CBD Australia,https://www.youtube.com/watch?v=Dhutlc4TlpQ
Saturday Afternoon Walk in the City of Melbourne March 2024,https://www.youtube.com/watch?v=DMxL12LjfL8
SATURDAY AFTERNOON WALK TOUR MELBOURNE AUSTRALIA,https://www.youtube.com/watch?v=DPJDjLEU5tE
Saturday Evening Tour Melbourne Australia 4K Video,https://www.youtube.com/watch?v=Mrgq8cZOQJs
Saturday Night in Melbourne City,https://www.youtube.com/watch?v=BDpUMH3MkX8
SATURDAY WALK IN WINTER 2022 MELBOURNE CITY AUSTRALIA,https://www.youtube.com/watch?v=5nKuYvsFC78
SECOND SUMMER NIGHT MARKET 2022 MELBOURNE CITY AUSTRALIA QUEEN VICTORIA MARKET,https://www.youtube.com/watch?v=Q0xrXUSLVfw
SHOPPING MALL MELBOURNE AUSTRALIA HIGHPOINT SHOPPING CENTRE WALK TOUR,https://www.youtube.com/watch?v=3CjvyqZkpwo
Shots fired in Melbourne Five search and rescue missions across Sydney 9 News Australia,https://www.youtube.com/watch?v=BzMjR4ZDuIQ
SILENT DISCO MELBOURNE AUSTRALIA MOOMBA FESTIVAL 2022,https://www.youtube.com/watch?v=D2Lepq6gRVs
South Melbourne Market Melbourne City Australia,https://www.youtube.com/watch?v=7m5UYsQdQVw
SOUTH MELBOURNE MARKET WALKING TOUR,https://www.youtube.com/watch?v=jRB-0JzvIyQ
SOUTH MELBOURNE MARKET WALKING TOUR IN SPRING MELBOURNE CITY VICTORIA AUSTRALIA SEPTEMBER 2023,https://www.youtube.com/watch?v=3XPXLvHbsPo
South Melbourne Walk South Melbourne Market Australia Walking Tour 4K 2023,https://www.youtube.com/watch?v=DyslYYNjsQg
SPENCER STREET CITY OF MELBOURNE TOUR,https://www.youtube.com/watch?v=Au4QKiJv_o4
SPENCER STREET MELBOURNE AUSTRALIA CBD WALK TOUR,https://www.youtube.com/watch?v=6Y-9EyUS__c
SPIRIT OF CHRISTMAS IN MELBOURNE BEGINS,https://www.youtube.com/watch?v=1-oYcuYLgo0
Spring in Melbourne City Australia 2023,https://www.youtube.com/watch?v=XnxWS5fzTh4
ST KILDA BEACH MELBOURNE 2023 SUMMER WALKING TOUR 4K,https://www.youtube.com/watch?v=bcuY20sZpwg
St Kilda Melbourne Walk Tour 2025 Exploring Albert Park Lakeside Stadium St Kilda Cricket Ground,https://www.youtube.com/watch?v=2L9sVIroaW0
St Kilda Rd Melbourne Australia Feb 2025 Weekend Summer Walk 4K City Walk melbourne travel 4k,https://www.youtube.com/watch?v=T-4ZvV_pTRg
St Patrick s Day in Melbourne 2023,https://www.youtube.com/watch?v=TUWXGOx7IeY
Step into Summer Melbourne CBD Walking Tour 2024 Melbourne 4K,https://www.youtube.com/watch?v=AT8wL8vlrVo
Street Art Melbourne Australia Walking Tour - Hosier Lane,https://www.youtube.com/watch?v=3ww9-t-RocE
Street walking tour - Melbourne CBD Australia 2023,https://www.youtube.com/watch?v=Jv0S1yJ_PU4
Streets of Melbourne City in July 2023,https://www.youtube.com/watch?v=k8-gZCtX9mI
Streets of Melbourne City in Winter 2023,https://www.youtube.com/watch?v=Q6c7Rb8DOvo
Streets of Melbourne City November 2022,https://www.youtube.com/watch?v=gmTAA_b0oxM
Streets of Melbourne City Walking Tour Lonsdale Street,https://www.youtube.com/watch?v=VzIae-EQ1pc
Strolling Around the City of Melbourne on Thursday Night Australia 4K Video,https://www.youtube.com/watch?v=bz8uSvDeePQ
Strolling the Streets of Melbourne 2023,https://www.youtube.com/watch?v=Wq9wBEjesaQ
STUNNING MELBOURNE TRIBUTE TO QUEEN ELIZABETH II,https://www.youtube.com/watch?v=tP-qAMJDbJU
Summer Afternoon in Melbourne 2023,https://www.youtube.com/watch?v=pAPyVtcHNnE
SUMMER Afternoon in Melbourne CBD Walking Tour - 4K 60 FPS,https://www.youtube.com/watch?v=lBo-RE4lbjc
SUMMER FINALLY IN MELBOURNE CITY AUSTRALIA FREE ICE CREAM FOR EVERYONE,https://www.youtube.com/watch?v=AyvdgYaBijE
Summer Night Market 2023 Melbourne City Australia Queen Victoria Market,https://www.youtube.com/watch?v=ueCFsclPbfI
SUMMER WALK 2022 MELBOURNE CBD AUSTRALIA,https://www.youtube.com/watch?v=cMKSDgGbBZA
Summer Walk in Melbourne Australia January 2025,https://www.youtube.com/watch?v=Kz3ZHjymv6A
Sunday Walk in Melbourne Australia 4K Video,https://www.youtube.com/watch?v=QhgmXMCnXS8
SUNDAY WALK MELBOURNE CBD,https://www.youtube.com/watch?v=_zAx0E83vVg
SUNDAY WALK MELBOURNE CITY CBD TOUR,https://www.youtube.com/watch?v=1GGdhWY1ea8
Sunny Autumn Day in Melbourne 2023,https://www.youtube.com/watch?v=ivNDClCzxGY
SWANSTON STREET MELBOURNE 2023 SUMMER WALKING TOUR 4K,https://www.youtube.com/watch?v=O_t_IvryM4Y
SWANSTON STREET MELBOURNE AUSTRALIA CBD WALK,https://www.youtube.com/watch?v=BgPBIUJhqLM
Swanston Street Walking Tour in Melbourne Australia 4K 60fps,https://www.youtube.com/watch?v=CBEmc1TUq9w
THE ICONIC MOOMBA FESTIVAL CARNIVAL 2022 MELBOURNE AUSTRALIA,https://www.youtube.com/watch?v=o5Moylwfaig
THE ICONIC STREET OF MELBOURNE AUSTRALIA,https://www.youtube.com/watch?v=oKwCHp-fWp8
The Most Densely Populated Areas of Melbourne Walking in an Inner-City Suburb of Melbourne ASMR,https://www.youtube.com/watch?v=cqQPph6P3Uw
The Mussel Pot Queen Victoria Market Melbourne City,https://www.youtube.com/watch?v=b-T5_ChXQ48
THE ROYAL MELBOURNE HOSPITAL ELIZABETH STREET MELBOURNE AUSTRALIA,https://www.youtube.com/watch?v=-L-5TtDPBOQ
TRAMS OF MELBOURNE AUSTRALIA CBD CITY OF MELBOURNE,https://www.youtube.com/watch?v=K1JBGFHq7t4
Unfiltered Melbourne Nightlife in 4K Chapel Street Walking Tour Saturday Night,https://www.youtube.com/watch?v=RMpof--JeuY
Urban Exploration - A Cultural Walk Through Melbourne s Heart from QV to the Library,https://www.youtube.com/watch?v=e6t-0Kx3Qpw
VICTORIA STREET MELBOURNE AUSTRALIA CBD WALK,https://www.youtube.com/watch?v=nyJZyz507bU
Virtual Tour Melbourne Australia South Wharf Promenade,https://www.youtube.com/watch?v=Cljr_wRVplc
Virtual Walk in Melbourne. Collins Swanston Bourke Degraves Flinders,https://www.youtube.com/watch?v=rfQWHNYbb1M
Visit to Melbourne Beach Williamstown Beach Melbourne Suburb Australia,https://www.youtube.com/watch?v=w4juGBMjd0I
Walk Around in Melbourne Australia in September 2024 4K Video,https://www.youtube.com/watch?v=_N8POqVEyvc
WALK AROUND IN MELBOURNE AUSTRALIA WINTER 2022 CBD TOUR,https://www.youtube.com/watch?v=FpWZhEd6TWs
WALK AROUND THE ICONIC BRIDGE OF MELBOURNE AUSTRALIA PRINCES BRIDGE CBD NIGHT TOUR,https://www.youtube.com/watch?v=OsLvw5AYsB0
WALK CITY OF MELBOURNE AUSTRALIA CITY CENTRE LITTLE BOURKE STREET,https://www.youtube.com/watch?v=V0qPcj_1yAk
WALK IN DANDENONG CITY MELBOURNE AUSTRALIA NOVEMBER 2021,https://www.youtube.com/watch?v=OIAdsXI_MUg
Walk Through Biggest Shopping Centre In Australia Chadstone Shopping Centre Melbourne,https://www.youtube.com/watch?v=y87Zb6zRlbU
Walk Through Melbourne Airport Melbourne Airport International Terminal 2,https://www.youtube.com/watch?v=absu3GzFAmA
Walk Through Melbourne Australia 2025 Summer Walk In Melbourne 4K Video,https://www.youtube.com/watch?v=4ZHYOUYgHMI
Walk Through Melbourne Australia Autumn Morning Walking Tour 2022,https://www.youtube.com/watch?v=vewrlJrukNo
Walk Through Melbourne Australia In April 2025 Autumn In Melbourne 4K,https://www.youtube.com/watch?v=TytUGaY54YI
Walk Through Melbourne Australia In May 2025 City Walk Melbourne 4K,https://www.youtube.com/watch?v=P3NfdG39HjU
Walk Through Melbourne Australia Nightlife In Australia Melbourne 4K,https://www.youtube.com/watch?v=L9vr5dsMDLU
Walk Through Melbourne Australia Southbank Autumn Morning Walking Tour 2022,https://www.youtube.com/watch?v=S3oIWweKOj4
Walk through Queen Victoria Market at Night Melbourne Australia 4K Video,https://www.youtube.com/watch?v=LBsOKhybsVk
Walk to ACMI Federation Square Melbourne City Australia Walking Tour 4K,https://www.youtube.com/watch?v=8TU7zdnuBFY
Walk to RMIT University - Melbourne City Tour Australia 4K,https://www.youtube.com/watch?v=pAgbxjfoLwA
WALK VICTORIA HARBOUR MELBOURNE AUSTRALIA,https://www.youtube.com/watch?v=Ev00QaTZhP8
WALKING AROUND BOURKE STREET MELBOURNE CBD,https://www.youtube.com/watch?v=Hq681q13BOg
WALKING AROUND CITY MELBOURNE SOUTHBANK PROMENADE CROWN YARRA PROMENADE,https://www.youtube.com/watch?v=GWWiwPd7nuE
Walking Around Crown Complex Melbourne Australia 4K UHD,https://www.youtube.com/watch?v=o53ArGQp888
WALKING AROUND ELIZABETH STREET MELBOURNE AUSTRALIA CBD WALK,https://www.youtube.com/watch?v=DikX3TWd3OY
Walking Around Federation Square Melbourne Australia 4K HDR,https://www.youtube.com/watch?v=0MHB6rwjgdY
WALKING AROUND IN THE CITY OF MELBOURNE,https://www.youtube.com/watch?v=57W4Tvc34HM
Walking Around MCEC Melbourne Australia 4K UHD,https://www.youtube.com/watch?v=k8MwmeC75GM
WALKING AROUND MELBOURNE AUSTRALIA Flinders St to Parliament 4K UHD Video Walk Binaural Audio,https://www.youtube.com/watch?v=feNhGKuRQXo
Walking Around Melbourne Australia in February Summer 2022,https://www.youtube.com/watch?v=S-pU7gqqA8Q
WALKING AROUND MELBOURNE AUSTRALIA Inner City Streets Lanes 4K UHD Video Walk Binaural Audio,https://www.youtube.com/watch?v=rQ-3Dy6wWKs
WALKING AROUND MELBOURNE AUSTRALIA Southbank CBD Loop 4K UHD Video Walk Binaural Audio,https://www.youtube.com/watch?v=4uE_hUeZD4s
WALKING AROUND MELBOURNE AUSTRALIA SWANSTON STREET TO FLINDERS STREET STATION,https://www.youtube.com/watch?v=BNCzEcRE_mw
WALKING AROUND MELBOURNE CITY - On Boxing Day and During Pandemic 2020 Melbourne Australia,https://www.youtube.com/watch?v=ZUJMANDM5Jo
Walking around Melbourne City Applerose Explorer,https://www.youtube.com/watch?v=wKB3gbNYg40
WALKING AROUND MELBOURNE CITY CENTRE + BEST AFFORDABLE AIRBNB WE VE STAYED IN VELBASILIO,https://www.youtube.com/watch?v=wox2KqnJqg0
WALKING AROUND MELBOURNE CITY DURING COVID-19 LOCKDOWN APRIL 2020,https://www.youtube.com/watch?v=07IW2tbgyBw
Walking Around Melbourne City in June 4K Video,https://www.youtube.com/watch?v=Ir4D5qoqFo4
Walking Around Melbourne City Pag May Time,https://www.youtube.com/watch?v=gWaiS-d7Yq4
Walking Around Melbourne on Tuesday Night Australia 4K Video,https://www.youtube.com/watch?v=09WEjgRZxPo
Walking Around QV Melbourne Australia 4K UHD,https://www.youtube.com/watch?v=Ub6L2Tvm1RQ
WALKING AROUND THE CITY MARKET MELBOURNE AUSTRALIA,https://www.youtube.com/watch?v=lVs89JumczU
WALKING AROUND THE CITY OF MELBOURNE AUSTRALIA ON MOTHER S DAY CITY CENTRE TOUR,https://www.youtube.com/watch?v=6PnOGlTtnzk
Walking at Night in the City Melbourne Australia,https://www.youtube.com/watch?v=GBr-Tl03M2I
Walking Bay Street Port Melbourne Melbourne Australia 4K HDR,https://www.youtube.com/watch?v=d6R8TQ41iwk
Walking Beautiful Melbourne CBD In 4K Video,https://www.youtube.com/watch?v=_jM92ImX0uo
Walking Beautiful Melbourne Scenic City Streets 4K,https://www.youtube.com/watch?v=wEpJ9BzW6wI
Walking City Centre After Rain Melbourne Australia 4K UHD,https://www.youtube.com/watch?v=D5QYw6N2cqw
WALKING CITY OF MELBOURNE CBD ULTRA WIDE VIEW,https://www.youtube.com/watch?v=19mJcT2YqWc
WALKING CITY OF MELBOURNE LA TROBE STREET AT NIGHT MELBOURNE AUSTRALIA,https://www.youtube.com/watch?v=vhJaV_uGqBc
Walking City Road Melbourne Australia 4K UHD,https://www.youtube.com/watch?v=6g-Kh8FwARw
Walking Crown Casino Melbourne Australia,https://www.youtube.com/watch?v=6j0DRxKtbO4
Walking Empty City During The Fifth Lockdown Melbourne Australia 4K UHD,https://www.youtube.com/watch?v=XcdlpzDMHd8
Walking Empty City During The Fourth Lockdown Melbourne Australia,https://www.youtube.com/watch?v=qE7DqFDTNGI
WALKING IN CBD MELBOURNE CITY AUSTRALIA ON A BEAUTIFUL DAY IN WINTER 2022,https://www.youtube.com/watch?v=HvuQc2VgLVA
Walking In City Centre Melbourne Australia 4K UHD,https://www.youtube.com/watch?v=jvxBCI51T9c
Walking in Melbourne Australia Docklands Tour 2024 4K Video,https://www.youtube.com/watch?v=uC1TQBn8lVU
Walking in Melbourne Australia in Spring 2024 4K Video,https://www.youtube.com/watch?v=uojbo2fARHc
Walking In Melbourne Australia Melbourne 4K Walk Australia Melbourne,https://www.youtube.com/watch?v=Lh6q8x65kAo
Walking in Melbourne CBD Victoria Streets of Melbourne Walking in City Centre Australia 2021,https://www.youtube.com/watch?v=Ztwz2nlAjQA
Walking in Melbourne City at Night after 8PM,https://www.youtube.com/watch?v=Jf2G9JeXlSk
Walking In Melbourne City Parliament House To Flinders Street Station Melbourne Australia,https://www.youtube.com/watch?v=UY6oyZ98z6c
Walking in Melbourne City Street Flinders street australia,https://www.youtube.com/watch?v=SKhJW0gZT5s
Walking In The City 01.01.2022 Melbourne Australia 4K UHD,https://www.youtube.com/watch?v=BliSNBePGkY
WALKING IN THE CITY CENTRE POST LOCKDOWN MELBOURNE AUSTRALIA NOV 2021,https://www.youtube.com/watch?v=0BxgOOwQm6c
Walking In The City Centre Post-Lockdown Melbourne Australia 4K UHD,https://www.youtube.com/watch?v=Hk1U3pFpxCM
Walking In The City Melbourne Australia 4K HDR,https://www.youtube.com/watch?v=9fOHA_ZWbhw
Walking In The City Melbourne Australia 4K UHD,https://www.youtube.com/watch?v=ILx8e0Hq21E
WALKING IN THE CITY OF MELBOURNE AUSTRALIA CBD,https://www.youtube.com/watch?v=CWxOFmEI_Go
WALKING IN THE CITY OF MELBOURNE AUSTRALIA FROM COLLINS STREET UP TO SPENCER STREET,https://www.youtube.com/watch?v=rcJrJ2sm1dc
Walking In The City Sunday Afternoon Melbourne Australia 4K UHD,https://www.youtube.com/watch?v=kDvKgqq8Dv0
Walking In The City Town Hall - State Library Victoria - Parliament House Melbourne Australia,https://www.youtube.com/watch?v=8GPUQqMjEh4
Walking in the Melbourne City Night View 2022 4K,https://www.youtube.com/watch?v=28MHbCRzH1Y
WALKING IN THE RAIN AT NIGHT MELBOURNE CITY VICTORIA STREET,https://www.youtube.com/watch?v=9Hw83iTEvtY
Walking In The Rain Melbourne Australia 4K HDR,https://www.youtube.com/watch?v=pEBP4egUOnk
Walking in Werribee city a suburb of Melbourne Victoria Australia,https://www.youtube.com/watch?v=A78-6-w_ffk
Walking Melbourne CBD at Night - Vibrant City Streets - 4K,https://www.youtube.com/watch?v=p2m9ClZTRnk
Walking Melbourne CBD Lockdown No. 5 Melbourne Australia 4K UHD,https://www.youtube.com/watch?v=7IIJZwQ5kFU
Walking Melbourne CBD Swanston St to Degraves State Library Arcades Laneways,https://www.youtube.com/watch?v=gGlgg1AVKD8
Walking Melbourne City Centre During Lockdown No. 4 Melbourne Australia,https://www.youtube.com/watch?v=-WK4_lc1RiQ
Walking Melbourne City Victoria 2022 Xmas Melbourne 4K,https://www.youtube.com/watch?v=cHHTO3SJraQ
Walking Melbourne City Victoria Australia 4K City Traffic People Sounds ASMR White Noise,https://www.youtube.com/watch?v=WyuDR0V0wto
Walking Melbourne s Bourke Street to Treasury Gardens Relaxing City Walk,https://www.youtube.com/watch?v=c2iDtNNVUyU
Walking Myer Christmas Windows Bourke Street Melbourne City Victoria Australia,https://www.youtube.com/watch?v=d-kQFZhL9Ks
Walking On Sunny Day CBD Southbank Melbourne Australia 4K UHD,https://www.youtube.com/watch?v=eqt_FGMU61E
Walking Rainy Melbourne City Melbourne Australia 4K UHD,https://www.youtube.com/watch?v=LQmZoc1Bwgg
Walking Rainy Morning Melbourne Australia 4K UHD,https://www.youtube.com/watch?v=62UKwNTqFpo
Walking Russell Street Melbourne Australia 4K UHD,https://www.youtube.com/watch?v=lLA6rvfatsM
Walking Sunny Melbourne - 4K,https://www.youtube.com/watch?v=DS7cdyrcdDk
Walking Swanston Street in Melbourne City from Flinders Street Station to State Library Victoria,https://www.youtube.com/watch?v=Av7VuhuIL88
WALKING THE GLORIOUS CITY OF MELBOURNE,https://www.youtube.com/watch?v=qswAyKuOx6U
Walking The Streets Of Melbourne,https://www.youtube.com/watch?v=j1w7bpe0zaA
Walking The Streets of Melbourne Australia at Night in Autumn 2025,https://www.youtube.com/watch?v=sexu9LugNOc
Walking Through Empire City Movie Set - Melbourne CBD Transformed into NYC - 4K,https://www.youtube.com/watch?v=ChtvhZ34Z5Q
Walking Through Melbourne Australia at Night - Docklands Firelight Festival 2024 4K Video,https://www.youtube.com/watch?v=pL9tlKwfihY
Walking Thru Melbourne Airport Tullamarine Melbourne Australia,https://www.youtube.com/watch?v=I-Z2zjKQkUY
Walking Tour - Flinders St. to Melbourne Central Walk With me 3,https://www.youtube.com/watch?v=8AJBMC6db70
walking tour Autumn in Melbourne. 2022 4K,https://www.youtube.com/watch?v=u9ytgIe2YDo
WALKING TOUR CBD MELBOURNE AUSTRALIA,https://www.youtube.com/watch?v=vp-2UumsVMA
Walking tour in Macleod Melbourne 4K Cold cloudy day City sound and Suburbs information,https://www.youtube.com/watch?v=7uwP9-4PN4M
Walking tour in Melbourne CBD City center Australial 4K cloudy day City sound and information,https://www.youtube.com/watch?v=9fMcoUUULw4
Walking Tour in Melbourne CBD on Christmas Eve 2022,https://www.youtube.com/watch?v=DX7NJzNFQNQ
Walking Tour in Melbourne CBD-2022 Winter Walk Melbourne 4K,https://www.youtube.com/watch?v=jut3E8k3keU
Walking Tour In The City Melbourne Australia 4K HDR,https://www.youtube.com/watch?v=QUzUS7jequg
WALKING TOUR MELBOURNE AUSTRALIA Bustling South Melbourne Market City 4KUHD Binaural Audio,https://www.youtube.com/watch?v=rKn5h6UJP78
WALKING TOUR MELBOURNE AUSTRALIA Early Morning City Coming to Life 4KUHD Binaural Audio,https://www.youtube.com/watch?v=f_AEN3K-kV0
WALKING TOUR MELBOURNE AUSTRALIA Funky Fitzroy Cool Collingwood 4KUHD Binaural Audio,https://www.youtube.com/watch?v=44eNzIc-f8o
WALKING TOUR MELBOURNE AUSTRALIA Nightlife in the City s Coolest Lanes 4KUHD Binaural Audio,https://www.youtube.com/watch?v=V5HBSZEDVHY
Walking tour Melbourne CBD from Flinders Street Station 4K Sunny day City sound and information,https://www.youtube.com/watch?v=656ArNbK9d0
Walking Tour Melbourne City Australia Winter 2023,https://www.youtube.com/watch?v=a2B_BhLp5XM
Walking Tour of Melbourne City Centre 4K,https://www.youtube.com/watch?v=Qz6X4Bfq4eI
Walking Tour of Southbank Melbourne Relaxing City Walk,https://www.youtube.com/watch?v=0hjL5Z6XtXA
WALKING TOUR QUEEN VICTORIA MARKET AUTUMN 2022,https://www.youtube.com/watch?v=I6TB5N_ub28
Walkthrough COSTCO in Melbourne City Australia 4K Video COSTCO Wholesale Docklands,https://www.youtube.com/watch?v=beelKu7alNY
Walkthrough Melbourne After Dark in August Australia 4K Video,https://www.youtube.com/watch?v=2Y0KQ5xjuWo
Walkthrough Melbourne Australia January 2025 Queen Victoria Market,https://www.youtube.com/watch?v=XLewwd0C5xA
Walkthrough Melbourne City Australia 4K Video Tour,https://www.youtube.com/watch?v=xRR-nceSTno
Walkthrough Melbourne City CBD in August Australia 4K Video,https://www.youtube.com/watch?v=zhf8cFlAP94
Walkthrough Melbourne City on Sunday Night 10 PM Australia 4K Video,https://www.youtube.com/watch?v=53i9UiGLdO8
Walkthrough Mount Buller Victoria - Winter in Melbourne Australia,https://www.youtube.com/watch?v=pn96y-nTmm0
Walkthrough One of Melbourne s Busiest Train Station - Southern Cross Station,https://www.youtube.com/watch?v=JV7qSTSI1II
Walkthrough Winter Night Market in July Melbourne Australia Queen Victoria Market 2024,https://www.youtube.com/watch?v=l2Cw0bxVUMA
Wandering Around Melbourne on Sunday Night Australia 4K Video,https://www.youtube.com/watch?v=FSbJZRCiRiM
Waterfront Melbourne City Walk Australia South Wharf Promenade Melbourne Walking Tour,https://www.youtube.com/watch?v=Mj0a1SxXNbA
WATERGARDENS SHOPPING CENTRE TAYLORS LAKES MELBOURNE AUSTRALIA,https://www.youtube.com/watch?v=OvceiduTJB0
WEEKEND WALKING TOUR CITY CENTRE MELBOURNE AUSTRALIA,https://www.youtube.com/watch?v=wHwdE8SuMMk
Westfield Southland Shopping Centre Walking Tour in Melbourne Australia 4K 60fps,https://www.youtube.com/watch?v=by77TTmYyQU
WET MELBOURNE AUSTRALIA WALKING FLINDERS STREET,https://www.youtube.com/watch?v=wnR4sr7sYz8
WINTER NIGHT MARKET 2 MELBOURNE AUSTRALIA QUEEN VICTORIA MARKET,https://www.youtube.com/watch?v=_Sksp_c1SAo
Winter Night Market 2023 Melbourne City Australia Queen Victoria Market,https://www.youtube.com/watch?v=_QSFJBNqx5I
WINTER NIGHT MARKET MELBOURNE AUSTRALIA QUEEN VICTORIA MARKET,https://www.youtube.com/watch?v=NjJH-1jD3VI
Yarra River Melbourne CBD 2024 - 4K walking tour,https://www.youtube.com/watch?v=Fhrv3DzpXuA
